Cu,Ni,Al,e2_pred,e2_std
0.0,0.0,1.0,56.84365031312592,0.7819156698949365
0.0,0.02,0.98,85.51440215835427,8.80799982056329
0.0,0.04,0.96,94.93926212115721,3.344377471158738
0.0,0.06,0.94,96.1586252206068,3.2188136906778837
0.0,0.08,0.92,92.91128791831302,8.514178465820962
0.0,0.1,0.9,87.69083747065346,12.478029406835967
0.0,0.12,0.88,82.01426933932449,15.214440486761264
0.0,0.14,0.86,76.69375587144017,17.004356257876356
0.0,0.16,0.84,72.0856921085821,18.124415262243687
0.0,0.18,0.82,68.28063673805987,18.794480805496484
0.0,0.2,0.8,65.23152163323539,19.170609867591928
0.0,0.22,0.78,62.83239846743754,19.355201615242656
0.0,0.24,0.76,60.962630100743226,19.411401616178352
0.0,0.26,0.74,59.509079787587225,19.37630655443908
0.0,0.28,0.72,58.37533623482307,19.271228772209632
0.0,0.3,0.7,57.483889793857585,19.108960007089994
0.0,0.32,0.68,56.77486235414416,18.89857947999132
0.0,0.34,0.66,56.203345285302234,18.64844694892338
0.0,0.36,0.64,55.73643368959894,18.36791852973044
0.0,0.38,0.62,55.35047651477958,18.068173839051866
0.0,0.4,0.6,55.02874605025471,17.76240839841709
0.0,0.42,0.58,54.75956645009954,17.46554377730593
0.0,0.44,0.56,54.53486430476202,17.193543709727894
0.0,0.46,0.54,54.349075189579096,16.96239932960005
0.0,0.48,0.52,54.198335300832895,16.786861863250085
0.0,0.5,0.5,54.079893688999164,16.679050830727686
0.0,0.52,0.48,53.991691226866585,16.647129368711372
0.0,0.54,0.46,53.93206382145982,16.694279139878752
0.0,0.56,0.44,53.89953788875808,16.818187490828535
0.0,0.58,0.42,53.892695201409886,17.011165708620222
0.0,0.6,0.4,53.910091779349315,17.260877160616502
0.0,0.62,0.38,53.95022163392647,17.551523098601944
0.0,0.64,0.36,54.01152099585085,17.865257789004716
0.0,0.66,0.34,54.09241218204539,18.183590907042298
0.0,0.68,0.32,54.19138829780127,18.488554561508888
0.0,0.7,0.3,54.30714000844831,18.76342268934155
0.0,0.72,0.28,54.438722609893944,18.992739394550714
0.0,0.74,0.26,54.58575367068193,19.161327002830213
0.0,0.76,0.24,54.748615360421915,19.25181240458375
0.0,0.78,0.22,54.92860586143394,19.24006762929814
0.0,0.8,0.2,55.12793251695783,19.087891380868207
0.0,0.82,0.18,55.34935289131021,18.732431549696734
0.0,0.84,0.16,55.59513100129918,18.07257318883763
0.0,0.86,0.14,55.86476281293302,16.95431814740586
0.0,0.88,0.12,56.15061685712363,15.160947495239533
0.0,0.9,0.1,56.43022600216854,12.421099119477264
0.0,0.92,0.08,56.65348691989068,8.46273898333488
0.0,0.94,0.06,56.72255486255071,3.1948741725763985
0.0,0.96,0.04,56.46161421534408,3.3112603076914606
0.0,0.98,0.02,55.5685212301846,8.702773318873595
0.0,1.0,0.0,53.17877731355297,0.7819082064914415
0.02,0.0,0.98,70.45441458184602,10.944995136202628
0.02,0.02,0.96,78.40007908267499,3.6584983961205175
0.02,0.04,0.94,79.71044154441522,3.8263312517272294
0.02,0.06,0.92,77.82466091600833,9.261597921739556
0.02,0.08,0.9,74.64089347997832,13.173595680688262
0.02,0.1,0.88,71.22231798289937,15.762271132127315
0.02,0.12,0.86,68.091176146257,17.37213460861384
0.02,0.14,0.84,65.44513464585414,18.30606304560893
0.02,0.16,0.82,63.306640659865096,18.787563338157714
0.02,0.18,0.8,61.616778159465156,18.965307346935802
0.02,0.2,0.78,60.28911663970869,18.930580035816664
0.02,0.22,0.76,59.23753774322853,18.735452751974655
0.02,0.24,0.74,58.38848145632018,18.40741802537813
0.02,0.26,0.72,57.68458900712394,17.95987061758402
0.02,0.28,0.7,57.08405153725143,17.399186318058007
0.02,0.3,0.68,56.558151426927246,16.72941184129021
0.02,0.32,0.66,56.088331390273325,15.955426779271695
0.02,0.34,0.64,55.66344086528047,15.085217969400553
0.02,0.36,0.62,55.27742353641869,14.131748735542999
0.02,0.38,0.6,54.92750665051129,13.114831547100602
0.02,0.4,0.58,54.61285558457264,12.063390430161286
0.02,0.42,0.56,54.33361864695525,11.018431126288517
0.02,0.44,0.54,54.09027928306201,10.036646006077147
0.02,0.46,0.52,53.88323966999167,9.1931965764118
0.02,0.48,0.5,53.71257232254279,8.578954420625365
0.02,0.5,0.48,53.57789021792337,8.283945970932587
0.02,0.52,0.46,53.47829882429626,8.364582916621295
0.02,0.54,0.44,53.41240442485678,8.814645569537461
0.02,0.56,0.42,53.3783619791285,9.56880205004488
0.02,0.58,0.4,53.373952519214896,10.534010436143083
0.02,0.6,0.38,53.396684901506404,11.618770368233498
0.02,0.62,0.36,53.443919773079884,12.746179358332885
0.02,0.64,0.34,53.51301505989336,13.855763537587896
0.02,0.66,0.32,53.60149217786398,14.901495727550312
0.02,0.68,0.3,53.70722067831641,15.849611087074468
0.02,0.7,0.28,53.828616181465485,16.67707552895134
0.02,0.72,0.26,53.964842178859584,17.37040838745212
0.02,0.74,0.24,54.11600019039829,17.92414987788751
0.02,0.76,0.22,54.283283420691994,18.3381160233139
0.02,0.78,0.2,54.46905296488771,18.612608477747465
0.02,0.8,0.18,54.67676506768103,18.74106383810705
0.02,0.82,0.16,54.91061780005868,18.700458394326017
0.02,0.84,0.14,55.17466829425087,18.441405851459997
0.02,0.86,0.12,55.470950354977774,17.88272390575794
0.02,0.88,0.1,55.79571841210152,16.920206190766308
0.02,0.9,0.08,56.132217645382084,15.467648813660364
0.02,0.92,0.06,56.43701151264236,13.555244101530949
0.02,0.94,0.04,56.613724067057724,11.462517370030826
0.02,0.96,0.02,56.45551591241307,9.525452758861956
0.02,0.98,0.0,55.33188992128416,8.221328089194282
0.04,0.0,0.96,67.80512700236038,6.789753718930972
0.04,0.02,0.94,69.89874654947707,4.171291872404645
0.04,0.04,0.92,69.2728170261966,9.247560713684088
0.04,0.06,0.9,67.57323986926393,13.253277983055572
0.04,0.08,0.88,65.63593958607439,15.861557100473172
0.04,0.1,0.86,63.84828783028302,17.418736091231494
0.04,0.12,0.84,62.344930737771236,18.250107804081484
0.04,0.14,0.82,61.1320153695755,18.59287870023512
0.04,0.16,0.8,60.16137763601621,18.603279965105504
0.04,0.18,0.78,59.37099720429679,18.37848495643185
0.04,0.2,0.76,58.70443316219066,17.976977207245728
0.04,0.22,0.74,58.11817049811808,17.433231673911546
0.04,0.24,0.72,57.582626023375454,16.767099426393628
0.04,0.26,0.7,57.08025555860976,15.989541738787315
0.04,0.28,0.68,56.602680636694814,15.106235306723057
0.04,0.3,0.66,56.14781236658528,14.120052304224789
0.04,0.32,0.64,55.71740254074809,13.032953751141457
0.04,0.34,0.62,55.31515285781748,11.847559646941598
0.04,0.36,0.6,54.94536335034761,10.568576818618752
0.04,0.38,0.58,54.612036938000884,9.20436688026295
0.04,0.4,0.56,54.318339325658584,7.769330814474119
0.04,0.42,0.54,54.06631895436591,6.289024460738421
0.04,0.44,0.52,53.85680716468244,4.814354409625921
0.04,0.46,0.5,53.68943694439457,3.4688607999813157
0.04,0.48,0.48,53.562735985005155,2.598447683169181
0.04,0.5,0.46,53.474264718679436,2.7848402825516283
0.04,0.52,0.44,53.42078192354046,3.898261844265739
0.04,0.54,0.42,53.39842946658686,5.377567054726638
0.04,0.56,0.4,53.40293388646283,6.958866368602822
0.04,0.58,0.38,53.429826003458736,8.537065574446581
0.04,0.6,0.36,53.474680727103795,10.05634571357187
0.04,0.62,0.34,53.53337770061233,11.478794821818711
0.04,0.64,0.32,53.60237953315758,12.775894410486437
0.04,0.66,0.3,53.67901830206573,13.926867718372769
0.04,0.68,0.28,53.76177335648565,14.919432092253757
0.04,0.7,0.26,53.85051532644387,15.751255604327527
0.04,0.72,0.24,53.94668440537825,16.430958377317737
0.04,0.74,0.22,54.05336759047629,16.97742398992619
0.04,0.76,0.2,54.17524156406159,17.41608935866122
0.04,0.78,0.18,54.318354666907126,17.771253670256147
0.04,0.8,0.16,54.48972606764987,18.054718513357525
0.04,0.82,0.14,54.696722178506356,18.25314771187203
0.04,0.84,0.12,54.94608306737531,18.318212289156858
0.04,0.86,0.1,55.242220254139134,18.162575958836918
0.04,0.88,0.08,55.58379886421454,17.657787321111325
0.04,0.9,0.06,55.95620266262451,16.60919787542961
0.04,0.92,0.04,56.31383576174126,14.622880889581145
0.04,0.94,0.02,56.53282069155687,10.601627229372307
0.04,0.96,0.0,56.16581332488896,3.1268396432730072
0.06,0.0,0.94,63.276292629709765,7.502977329895438
0.06,0.02,0.92,63.60389069323012,10.060823656950054
0.06,0.04,0.9,63.014656019822475,13.58108197000721
0.06,0.06,0.88,62.158902827958784,16.032746896224378
0.06,0.08,0.86,61.324746134785975,17.472125012394727
0.06,0.1,0.84,60.60407817465939,18.16878468611751
0.06,0.12,0.82,59.99594492783106,18.347404496786808
0.06,0.14,0.8,59.46541423726396,18.163482577903842
0.06,0.16,0.78,58.97382962060231,17.720162754555535
0.06,0.18,0.76,58.49181587417408,17.087244432137236
0.06,0.2,0.74,58.00276096883829,16.314060055796695
0.06,0.22,0.72,57.50164489024013,15.436446028408271
0.06,0.24,0.7,56.99206254689265,14.480063196916538
0.06,0.26,0.68,56.48296401981872,13.462124444367735
0.06,0.28,0.66,55.98582564487985,12.392808990098324
0.06,0.3,0.64,55.51250262381424,11.276925386549037
0.06,0.32,0.62,55.073771335505526,10.11592730105509
0.06,0.34,0.6,54.678459390678604,8.910216272544773
0.06,0.36,0.58,54.333026163483915,7.661783670175723
0.06,0.38,0.56,54.04146017916033,6.37777346904141
0.06,0.4,0.54,53.80538088847303,5.077178902417216
0.06,0.42,0.52,53.62425899568681,3.8087923330215756
0.06,0.44,0.5,53.49569534754473,2.7119098734104092
0.06,0.46,0.48,53.415720686534215,2.1800573732761865
0.06,0.48,0.46,53.37909636461692,2.6490522790591378
0.06,0.5,0.44,53.3796094947139,3.780131112076082
0.06,0.52,0.42,53.41036532476099,5.145611455000264
0.06,0.54,0.4,53.46408537897235,6.573623047848775
0.06,0.56,0.38,53.53342225673846,7.988802662497322
0.06,0.58,0.36,53.61130110023826,9.344796784541057
0.06,0.6,0.34,53.69129344616741,10.606058580665959
0.06,0.62,0.32,53.768021357621144,11.743614859664932
0.06,0.64,0.3,53.83757842821598,12.73562278533433
0.06,0.66,0.28,53.89794013476536,13.57013827881166
0.06,0.68,0.26,53.94932072224886,14.248961126754192
0.06,0.7,0.24,53.994420641665826,14.791343764088012
0.06,0.72,0.22,54.03850252904326,15.235583009540914
0.06,0.74,0.2,54.089241449132615,15.63555892974485
0.06,0.76,0.18,54.156322835610496,16.049226451430854
0.06,0.78,0.16,54.25081074031255,16.518623046229653
0.06,0.8,0.14,54.38436738402937,17.046581047686345
0.06,0.82,0.12,54.568430626462685,17.58005458801558
0.06,0.84,0.1,54.81334907284935,18.0065824996365
0.06,0.86,0.08,55.12702183241548,18.15528899158848
0.06,0.88,0.06,55.51131074324917,17.766096729769934
0.06,0.9,0.04,55.95099842720297,16.335662320200967
0.06,0.92,0.02,56.37784258595148,12.593239952901339
0.06,0.94,0.0,56.48549783309124,3.0157056230172588
0.08,0.0,0.92,59.83968797379616,11.50519533230604
0.08,0.02,0.9,60.02533878341708,14.14119520644389
0.08,0.04,0.88,59.96167690104767,16.293687828590596
0.08,0.06,0.86,59.818345363681644,17.569957438469356
0.08,0.08,0.84,59.64484278035621,18.119073432769103
0.08,0.1,0.82,59.43206207815443,18.128582229678585
0.08,0.12,0.8,59.156511753057515,17.742753607814958
0.08,0.14,0.78,58.80121250835075,17.06650050722088
0.08,0.16,0.76,58.36258652590897,16.180703760520316
0.08,0.18,0.74,57.850013891616854,15.152668142385247
0.08,0.2,0.72,57.28227403739533,14.040488680859802
0.08,0.22,0.7,56.683276691300776,12.893639424071724
0.08,0.24,0.68,56.07828088171539,11.752160228981245
0.08,0.26,0.66,55.49106472384423,10.646064449824262
0.08,0.28,0.64,54.94210101633802,9.595872585806294
0.08,0.3,0.62,54.447597752272216,8.61467180029751
0.08,0.32,0.6,54.01919329623789,7.711777928619699
0.08,0.34,0.58,53.664095723607055,6.897859014728787
0.08,0.36,0.56,53.38548782347186,6.1910929671451
0.08,0.38,0.54,53.18306227407695,5.62305163799221
0.08,0.4,0.52,53.053593647823085,5.240577360323937
0.08,0.42,0.5,52.99149023487522,5.096623739467477
0.08,0.44,0.48,52.98929726623101,5.226756503147498
0.08,0.46,0.46,53.0381443062246,5.626352755558549
0.08,0.48,0.44,53.12814438448684,6.2514880615938715
0.08,0.5,0.42,53.248761905570085,7.039544228251967
0.08,0.52,0.4,53.38917144846272,7.927178341541581
0.08,0.54,0.38,53.53863079893138,8.857130973182231
0.08,0.56,0.36,53.68688894664516,9.778504642405602
0.08,0.58,0.34,53.824643128393824,10.645741149667469
0.08,0.6,0.32,53.94404782279687,11.418735341964508
0.08,0.62,0.3,54.03926265803068,12.064928836012841
0.08,0.64,0.28,54.10700581647939,12.5636827967288
0.08,0.66,0.26,54.14705662058843,12.912914278131531
0.08,0.68,0.24,54.16262958384763,13.137246896031654
0.08,0.7,0.22,54.16052952756358,13.295106130839804
0.08,0.72,0.2,54.15100380948802,13.478848159858112
0.08,0.74,0.18,54.147245422851704,13.798789557059791
0.08,0.76,0.16,54.16457870361476,14.345476305923727
0.08,0.78,0.14,54.219472544951635,15.141333788000217
0.08,0.8,0.12,54.3286352980139,16.11051931737745
0.08,0.82,0.1,54.50844343790588,17.085884347935252
0.08,0.84,0.08,54.77460713188639,17.8370172000416
0.08,0.86,0.06,55.14077899620731,18.072413190099613
0.08,0.88,0.04,55.611480927868186,17.333917719517025
0.08,0.9,0.02,56.1538915116995,14.618761968395145
0.08,0.92,0.0,56.55589974415888,7.9598430008274645
0.1,0.0,0.9,58.04236038967892,14.78396514632278
0.1,0.02,0.88,58.56174403504009,16.59974530369201
0.1,0.04,0.86,58.94539942939128,17.708253568432443
0.1,0.06,0.84,59.17594087776591,18.128135087659395
0.1,0.08,0.82,59.22896302578164,17.99379511683861
0.1,0.1,0.8,59.08865752270602,17.429604937025843
0.1,0.12,0.78,58.7583646738318,16.536233574793112
0.1,0.14,0.76,58.26056369518829,15.401107148578106
0.1,0.16,0.74,57.631718827536424,14.106835837197568
0.1,0.18,0.72,56.915677810346814,12.73414470049569
0.1,0.2,0.7,56.1576640589671,11.361223171278077
0.1,0.22,0.68,55.39974122994918,10.061557677570452
0.1,0.24,0.66,54.677921572046266,8.901108809849763
0.1,0.26,0.64,54.020720898370705,7.934440519199577
0.1,0.28,0.62,53.44881659423866,7.198975753209373
0.1,0.3,0.6,52.97544851340136,6.708190974422164
0.1,0.32,0.58,52.60725126806774,6.448200208395957
0.1,0.34,0.56,52.34527915876001,6.383159040299727
0.1,0.36,0.54,52.18605883176807,6.468683164553428
0.1,0.38,0.52,52.12256863488453,6.665384919165712
0.1,0.4,0.5,52.145093495426245,6.94587412277535
0.1,0.42,0.48,52.24194058568074,7.2947373403207605
0.1,0.44,0.46,52.40002570858912,7.704455261117134
0.1,0.46,0.44,52.60535609086262,8.170119565940213
0.1,0.48,0.42,52.84344409923109,8.684669608849859
0.1,0.5,0.4,53.0996901356606,9.235468904452505
0.1,0.52,0.38,53.359772541817144,9.802483916860012
0.1,0.54,0.36,53.61007783959168,10.358018587736558
0.1,0.56,0.34,53.83819592161147,10.867884194838307
0.1,0.58,0.32,54.03349084400969,11.294029376107126
0.1,0.6,0.3,54.18773830381314,11.598951185086992
0.1,0.62,0.28,54.295795460192885,11.752565844773033
0.1,0.64,0.26,54.35623930550311,11.742519662286735
0.1,0.66,0.24,54.37188078066004,11.588821436822462
0.1,0.68,0.22,54.3500419309454,11.361977983658893
0.1,0.7,0.2,54.302486106933756,11.197404705491609
0.1,0.72,0.18,54.24493375699689,11.284745043012245
0.1,0.74,0.16,54.19619418750686,11.802779655407504
0.1,0.76,0.14,54.177097801918876,12.813519559367418
0.1,0.78,0.12,54.209584740330754,14.203137645632514
0.1,0.8,0.1,54.31637286526819,15.721288190853283
0.1,0.82,0.08,54.521317567310874,17.059483844439207
0.1,0.84,0.06,54.84933546866936,17.89243340585257
0.1,0.86,0.04,55.32135186730896,17.82494547575894
0.1,0.88,0.02,55.92969718270016,16.149130519003368
0.1,0.9,0.0,56.521737024387804,11.666553502835887
0.12,0.0,0.88,57.64118699082663,16.88131835946367
0.12,0.02,0.86,58.473246719749476,17.871497706458705
0.12,0.04,0.84,59.043698355232664,18.200765670622257
0.12,0.06,0.82,59.30062828921799,17.96880537933776
0.12,0.08,0.8,59.230580792383805,17.275326085952717
0.12,0.1,0.78,58.856022695999705,16.211309857148763
0.12,0.12,0.76,58.227034377889055,14.864298165850544
0.12,0.14,0.74,57.4100715400587,13.32504772417371
0.12,0.16,0.72,56.477238054648566,11.690115663158592
0.12,0.18,0.7,55.49783350638059,10.062428205817442
0.12,0.2,0.68,54.532705280474204,8.552322732119707
0.12,0.22,0.66,53.631202495878064,7.278421528120984
0.12,0.24,0.64,52.8301881306325,6.3595367643660685
0.12,0.26,0.62,52.15448129040561,5.879693879526197
0.12,0.28,0.6,51.61815935874779,5.832092690458663
0.12,0.3,0.58,51.22626918008147,6.109273815460631
0.12,0.32,0.56,50.9766279667304,6.568551747539268
0.12,0.34,0.54,50.86151211855968,7.095582060222594
0.12,0.36,0.52,50.86912550929627,7.620892378457021
0.12,0.38,0.5,50.98480661676236,8.110829021707268
0.12,0.4,0.48,51.191979426358955,8.555038921530636
0.12,0.42,0.46,51.472881369846974,8.956801890221433
0.12,0.44,0.44,51.80911717414861,9.326027627230985
0.12,0.46,0.42,52.18209458012827,9.673773467166814
0.12,0.48,0.4,52.573399074679585,10.007596128158042
0.12,0.5,0.38,52.96516168606776,10.327640976880408
0.12,0.52,0.36,53.34046703566117,10.623796888883499
0.12,0.54,0.34,53.683837748603636,10.874430114144827
0.12,0.56,0.32,53.98181511807834,11.047208701148966
0.12,0.58,0.3,54.22363349336339,11.102517723613195
0.12,0.6,0.28,54.401956805589684,11.000175399125162
0.12,0.62,0.26,54.513611362410636,10.710790812177681
0.12,0.64,0.24,54.56021421456728,10.234268802298192
0.12,0.66,0.22,54.54857080968738,9.629173731004192
0.12,0.68,0.2,54.49071520450829,9.053458775079582
0.12,0.7,0.18,54.40351255244839,8.790875783025932
0.12,0.72,0.16,54.30785824291888,9.171971603576496
0.12,0.74,0.14,54.22769727444193,10.341484469743541
0.12,0.76,0.12,54.18931086560248,12.122664255113644
0.12,0.78,0.1,54.22143374811321,14.148934373661236
0.12,0.8,0.08,54.356448116247336,16.027511391301232
0.12,0.82,0.06,54.6315014620355,17.40006666519406
0.12,0.84,0.04,55.084608963317436,17.91672827736815
0.12,0.86,0.02,55.73072068530867,17.088648807695392
0.12,0.88,0.0,56.45682019987572,14.180750948392541
0.14,0.0,0.86,58.2255943221084,18.025476725705737
0.14,0.02,0.84,59.154185700315296,18.324352965836077
0.14,0.04,0.82,59.6189741725736,18.047293008890414
0.14,0.06,0.8,59.60713783129358,17.284474106313812
0.14,0.08,0.78,59.159238354856235,16.11462318787079
0.14,0.1,0.76,58.35547020217902,14.620403228640358
0.14,0.12,0.74,57.29688018448311,12.893461192469708
0.14,0.14,0.72,56.08900204497416,11.036377649424436
0.14,0.16,0.7,54.829912681190216,9.164607237901166
0.14,0.18,0.68,53.60291464498293,7.413979485871512
0.14,0.2,0.66,52.473160572413796,5.95786989395159
0.14,0.22,0.64,51.487196074101874,5.0158755253898235
0.14,0.24,0.62,50.674391747407164,4.763734159937408
0.14,0.26,0.6,50.049398420813155,5.134015631772609
0.14,0.28,0.58,49.614981361899446,5.853289846054811
0.14,0.3,0.56,49.36480495331588,6.678882598951847
0.14,0.32,0.54,49.28591841594012,7.4745057844661416
0.14,0.34,0.52,49.360826926445434,8.177332103961408
0.14,0.36,0.5,49.56912396265195,8.764537271649049
0.14,0.38,0.48,49.88871756845067,9.235037657147029
0.14,0.4,0.46,50.296714992125665,9.600087720242415
0.14,0.42,0.44,50.77004461195591,9.877792231231021
0.14,0.44,0.42,51.28589759679863,10.089000882368383
0.14,0.46,0.4,51.82206882373527,10.25335923392481
0.14,0.48,0.38,52.35726940686931,10.385071188394422
0.14,0.5,0.36,52.871472822361916,10.488573306100298
0.14,0.52,0.34,53.34634274278533,10.554881401350297
0.14,0.54,0.32,53.76577205486993,10.559698855701038
0.14,0.56,0.3,54.11653784232194,10.464379566826084
0.14,0.58,0.28,54.38904549143483,10.22071166383086
0.14,0.6,0.26,54.578097689130466,9.780753204462023
0.14,0.62,0.24,54.68358554002011,9.114414868235315
0.14,0.64,0.22,54.71097003551053,8.24152049982542
0.14,0.66,0.2,54.67142069983554,7.292900894838095
0.14,0.68,0.18,54.58153009612869,6.608676029814797
0.14,0.7,0.16,54.46265508148783,6.738324041486802
0.14,0.72,0.14,54.34015993293868,8.000579017567663
0.14,0.74,0.12,54.24311129098898,10.11506970742234
0.14,0.76,0.1,54.20513782606307,12.56389962009524
0.14,0.78,0.08,54.266827261315164,14.8858577777951
0.14,0.8,0.06,54.47840951350123,16.703781630123817
0.14,0.82,0.04,54.89708223039247,17.694567965562346
0.14,0.84,0.02,55.562429077196626,17.506385920934378
0.14,0.86,0.0,56.393658412976386,15.715238632387337
0.16,0.0,0.84,59.421888185203755,18.48253717960029
0.16,0.02,0.82,60.16849751253305,18.205791342756996
0.16,0.04,0.8,60.26058710189145,17.427790838505704
0.16,0.06,0.78,59.75418447493653,16.216887542470506
0.16,0.08,0.76,58.76286403177839,14.648588746709555
0.16,0.1,0.74,57.42841153071105,12.811405928406382
0.16,0.12,0.72,55.89709128173133,10.807642848464956
0.16,0.14,0.7,54.30271780866471,8.75477406803953
0.16,0.16,0.68,52.75679282615581,6.796025877707756
0.16,0.18,0.66,51.344461705902155,5.135606769050558
0.16,0.2,0.64,50.12461422006386,4.097195018999244
0.16,0.22,0.62,49.132536436943084,3.9992148525726563
0.16,0.24,0.6,48.38383001302766,4.687843678897473
0.16,0.26,0.58,47.878682816167995,5.70145005609226
0.16,0.28,0.56,47.605910473179684,6.74161363328395
0.16,0.3,0.54,47.54645472447618,7.678674937840622
0.16,0.32,0.52,47.67621428419464,8.462349779835625
0.16,0.34,0.5,47.96820726547266,9.078357006263468
0.16,0.36,0.48,48.3941357795816,9.531002248103258
0.16,0.38,0.46,48.92545863779804,9.835669735052528
0.16,0.4,0.44,49.53408997596367,10.014971178693052
0.16,0.42,0.42,50.192839695006896,10.096002883967984
0.16,0.44,0.4,50.87570233442029,10.107410117595288
0.16,0.46,0.38,51.55808790250254,10.075497504297264
0.16,0.48,0.36,52.21707291512978,10.01915248119899
0.16,0.5,0.34,52.83173210144676,9.944120265712577
0.16,0.52,0.32,53.383589669510485,9.83804302380004
0.16,0.54,0.3,53.85720221457787,9.668175856657083
0.16,0.56,0.28,54.24085172263309,9.3834719951234
0.16,0.58,0.26,54.52728793914717,8.922193529705407
0.16,0.6,0.24,54.7144189949929,8.226629160654204
0.16,0.62,0.22,54.80581905644196,7.270203789235231
0.16,0.64,0.2,54.81092189631806,6.115462934574204
0.16,0.66,0.18,54.74482904118652,5.056260141832203
0.16,0.68,0.16,54.62781330749443,4.825844103289488
0.16,0.7,0.14,54.48486082820043,6.069544333465165
0.16,0.72,0.12,54.34592622591313,8.393811502215724
0.16,0.74,0.1,54.24779464888788,11.114345989574021
0.16,0.76,0.08,54.23809237357545,13.735270693124498
0.16,0.78,0.06,54.38012770337936,15.877272846965488
0.16,0.8,0.04,54.75212085687468,17.22830417679493
0.16,0.82,0.02,55.42208567105543,17.506018245393474
0.16,0.84,0.0,56.34246637517022,16.49187168656
0.18,0.0,0.82,60.93886083379064,18.443367566869632
0.18,0.02,0.8,61.22314672056039,17.668618234141082
0.18,0.04,0.78,60.72439070175295,16.46384595402434
0.18,0.06,0.76,59.570015912618125,14.88257441876094
0.18,0.08,0.74,57.94917185472364,13.007877981502348
0.18,0.1,0.72,56.0581967340903,10.939739812091036
0.18,0.12,0.7,54.07619220735445,8.794805373032041
0.18,0.14,0.68,52.15116582080186,6.716123829725077
0.18,0.16,0.66,50.39466743378951,4.913720287521083
0.18,0.18,0.64,48.8823498387157,3.7595459367685238
0.18,0.2,0.62,47.6580649938291,3.6874402810435103
0.18,0.22,0.6,46.73961613421826,4.511801836583126
0.18,0.24,0.58,46.12486034459375,5.653153718241648
0.18,0.26,0.56,45.797363764012324,6.783376935700701
0.18,0.28,0.54,45.73120144572019,7.77429620308921
0.18,0.3,0.52,45.8947633869699,8.578693474645917
0.18,0.32,0.5,46.2535957953487,9.18374727943653
0.18,0.34,0.48,46.7723982737009,9.594325399900155
0.18,0.36,0.46,47.41633759693595,9.826392501448147
0.18,0.38,0.44,48.151846382312065,9.904082444409266
0.18,0.4,0.42,48.947065407251735,9.858008490199946
0.18,0.42,0.4,49.77206990371887,9.723493158331975
0.18,0.44,0.38,50.59899894136634,9.537650639419455
0.18,0.46,0.36,51.40218464502138,9.33443274808606
0.18,0.48,0.34,52.15835494122785,9.137395259554426
0.18,0.5,0.32,52.84695812807239,8.95134732355927
0.18,0.52,0.3,53.450628019137255,8.755716281895909
0.18,0.54,0.28,53.95577315123176,8.503033532881764
0.18,0.56,0.26,54.35323319367764,8.124675391004034
0.18,0.58,0.24,54.638904822460006,7.544419074331722
0.18,0.6,0.22,54.814209949987934,6.701865531243779
0.18,0.62,0.2,54.88628299881468,5.598307415516909
0.18,0.64,0.18,54.86782389197587,4.418446690111141
0.18,0.66,0.16,54.77673814161365,3.8427460924331935
0.18,0.68,0.14,54.63598956212384,4.837343270719338
0.18,0.7,0.12,54.47448703307556,7.1174444008405375
0.18,0.72,0.1,54.33011812841995,9.889402137728943
0.18,0.74,0.08,54.255708384955604,12.634275309828581
0.18,0.76,0.06,54.32662512738648,14.968052260579912
0.18,0.78,0.04,54.642876668168746,16.572091137909627
0.18,0.8,0.02,55.304567578037144,17.181898853191502
0.18,0.82,0.0,56.30285724478811,16.69830613391701
0.2,0.0,0.8,62.56458895360153,18.026006949711952
0.2,0.02,0.78,62.135883541574046,16.810375973371897
0.2,0.04,0.76,60.887133917188365,15.248863425178605
0.2,0.06,0.74,59.00058591632425,13.385547951714667
0.2,0.08,0.72,56.73124693022485,11.314793192575497
0.2,0.1,0.7,54.31542219174608,9.151564942736146
0.2,0.12,0.68,51.94891672407661,7.038494696065375
0.2,0.14,0.66,49.77890841343948,5.182310822421895
0.2,0.16,0.64,47.9045537899435,3.943200866436844
0.2,0.18,0.62,46.38267016685404,3.768757167803815
0.2,0.2,0.6,45.23572717977194,4.538516272572031
0.2,0.22,0.58,44.46026820155497,5.6703959094374525
0.2,0.24,0.56,44.03464019134806,6.805077379593804
0.2,0.26,0.54,43.92548037453169,7.79715476635122
0.2,0.28,0.52,44.092792113933186,8.590791889755632
0.2,0.3,0.5,44.49367427803445,9.168105939631957
0.2,0.32,0.48,45.08488886694552,9.530569285732279
0.2,0.34,0.46,45.82449858531709,9.691868286922373
0.2,0.36,0.44,46.672808619596566,9.675103054131213
0.2,0.38,0.42,47.59282666714282,9.511766014386748
0.2,0.4,0.4,48.55042465855415,9.241178713984938
0.2,0.42,0.38,49.51435318057719,8.909170779451147
0.2,0.44,0.36,50.456227730043125,8.564475997342718
0.2,0.46,0.34,51.35057556723006,8.251259701308479
0.2,0.48,0.32,52.17500126724499,7.997469676948193
0.2,0.5,0.3,52.9104959765307,7.802028167093997
0.2,0.52,0.28,53.541878175503214,7.627312606414425
0.2,0.54,0.26,54.0583123545948,7.402649393778817
0.2,0.56,0.24,54.45381150097526,7.0394983882046835
0.2,0.58,0.22,54.72760173813343,6.456500015381847
0.2,0.6,0.2,54.88423652379546,5.619913483719952
0.2,0.62,0.18,54.933429574812386,4.6322485725550875
0.2,0.64,0.16,54.889774862734754,3.954048889481823
0.2,0.66,0.14,54.77287094036589,4.4728453234729395
0.2,0.68,0.12,54.60883426223151,6.350288485124204
0.2,0.7,0.1,54.43456760807314,8.9151302881401
0.2,0.72,0.08,54.30587249982753,11.60451583023566
0.2,0.74,0.06,54.30830276798937,14.003474209122368
0.2,0.76,0.04,54.563119187327466,15.766520980137821
0.2,0.78,0.02,55.20495777689335,16.609458303853447
0.2,0.8,0.0,56.27055556967071,16.481117087571818
0.22,0.0,0.78,64.15384456740799,17.302877350839935
0.22,0.02,0.76,62.8094489053041,15.702755522758839
0.22,0.04,0.74,60.71311233312974,13.863384635504667
0.22,0.06,0.72,58.07164644664964,11.8192586522886
0.22,0.08,0.7,55.1874596401684,9.676914121727847
0.22,0.1,0.68,52.31787551005874,7.574507853143023
0.22,0.12,0.66,49.65816774133339,5.708592253324421
0.22,0.14,0.64,47.340697952851514,4.400587170650975
0.22,0.16,0.62,45.44199324906203,4.055428842695977
0.22,0.18,0.6,43.99334089156972,4.655036956365111
0.22,0.2,0.58,42.99209443915525,5.694128318925959
0.22,0.22,0.56,42.412060399726656,6.785909241827869
0.22,0.24,0.54,42.212179441458716,7.754989884380407
0.22,0.26,0.52,42.34327244417834,8.528795221450439
0.22,0.28,0.5,42.752949929176246,9.07994156498581
0.22,0.3,0.48,43.38894840213898,9.403848122390682
0.22,0.32,0.46,44.20121619879848,9.50995849450506
0.22,0.34,0.44,45.14306881795217,9.418411249807018
0.22,0.36,0.42,46.17169959750841,9.159238461886474
0.22,0.38,0.4,47.24828533767773,8.77279736656187
0.22,0.4,0.38,48.33787880804136,8.310354503739447
0.22,0.42,0.36,49.40923568367171,7.8330930555173515
0.22,0.44,0.34,50.43468302266254,7.4065723839958375
0.22,0.46,0.32,51.39009863155971,7.087238081235386
0.22,0.48,0.3,52.25503276417152,6.901482534792591
0.22,0.5,0.28,53.01296345185871,6.82717073860915
0.22,0.52,0.26,53.651634324620225,6.792264141657769
0.22,0.54,0.24,54.16338360883197,6.694344876222984
0.22,0.56,0.22,54.54534791997774,6.431995793060814
0.22,0.58,0.2,54.79943948555827,5.943665212419243
0.22,0.6,0.18,54.93208977782934,5.269904965780512
0.22,0.62,0.16,54.953976806839925,4.678255443541979
0.22,0.64,0.14,54.880348484368504,4.7746645028131045
0.22,0.66,0.12,54.733098156552984,6.028413612649697
0.22,0.68,0.1,54.546235509407694,8.164405094223593
0.22,0.7,0.08,54.37621540876566,10.64173290491049
0.22,0.72,0.06,54.31634743565068,12.997533756357576
0.22,0.74,0.04,54.507439674485866,14.842343482800876
0.22,0.76,0.02,55.1194537023306,15.846949007209247
0.22,0.78,0.0,56.24088698171843,15.95133272052258
0.24,0.0,0.76,65.61651231829123,16.32522404389317
0.24,0.02,0.74,63.21147480968188,14.407549736225347
0.24,0.04,0.72,60.22821017882217,12.379869385443053
0.24,0.06,0.7,56.859291966073165,10.263977477383035
0.24,0.08,0.68,53.43094842469661,8.181022553139378
0.24,0.1,0.66,50.201201423982354,6.308017095540652
0.24,0.12,0.64,47.34865619612421,4.921768128245585
0.24,0.14,0.62,44.979291332307135,4.3800682961763835
0.24,0.16,0.6,43.139655197632564,4.7605489093129005
0.24,0.18,0.58,41.831611775375464,5.666157747584458
0.24,0.2,0.56,41.02607984930874,6.695169664862283
0.24,0.22,0.54,40.67456119105593,7.637091273764109
0.24,0.24,0.52,40.71809265804676,8.397757273718982
0.24,0.26,0.5,41.093738509216195,8.937495580400814
0.24,0.28,0.48,41.73897695242431,9.24406655047157
0.24,0.3,0.46,42.594417395032465,9.321560299869557
0.24,0.32,0.44,43.60527851568036,9.186048653802747
0.24,0.34,0.42,44.72200681537196,8.864545683347385
0.24,0.36,0.4,45.900348908516264,8.395962398643096
0.24,0.38,0.38,47.101123264546864,7.833301088489103
0.24,0.4,0.36,48.28987606742112,7.245773995824312
0.24,0.42,0.34,49.43655214141049,6.717363273905655
0.24,0.44,0.32,50.515264429329896,6.334726818820177
0.24,0.46,0.3,51.50420088090966,6.158063524459465
0.24,0.48,0.28,52.385663469718715,6.185250293004869
0.24,0.5,0.26,53.14618968007522,6.340514836615587
0.24,0.52,0.24,53.77666673905092,6.501738051500218
0.24,0.54,0.22,54.2723263743656,6.543374409780144
0.24,0.56,0.2,54.632528742380806,6.375272194609398
0.24,0.58,0.18,54.86035119491737,5.985833723748076
0.24,0.6,0.16,54.96224634699731,5.514473766260532
0.24,0.62,0.14,54.94847489241767,5.345944750455276
0.24,0.64,0.12,54.83564058246417,5.994093783450961
0.24,0.66,0.1,54.653258518159916,7.579519139616736
0.24,0.68,0.08,54.456239044738204,9.728873067585866
0.24,0.7,0.06,54.342967380774326,11.957417117957563
0.24,0.72,0.04,54.47122725420051,13.82413556591121
0.24,0.74,0.02,55.04546860500863,14.939678147183571
0.24,0.76,0.0,56.210306858376946,15.192542026730726
0.26,0.0,0.74,66.90779389893416,15.138271095972934
0.26,0.02,0.72,63.35760603480752,12.982906063082442
0.26,0.04,0.7,59.49847785372141,10.862561525408138
0.26,0.06,0.68,55.46656978026266,8.78391082469285
0.26,0.08,0.66,51.58669773840423,6.888834609105059
0.26,0.1,0.64,48.098383315314344,5.407375405216346
0.26,0.12,0.62,45.15006332367719,4.655826577438919
0.26,0.14,0.6,42.812921038343205,4.793009893593525
0.26,0.16,0.58,41.09920754504931,5.542730491145854
0.26,0.18,0.56,39.98003876803536,6.502528348035114
0.26,0.2,0.54,39.40056232317052,7.423980344813519
0.26,0.22,0.52,39.29181284265783,8.187270565737759
0.26,0.24,0.5,39.57933317534653,8.73815580420899
0.26,0.26,0.48,40.18900515149408,9.05559976451683
0.26,0.28,0.46,41.05066274895435,9.137773408135791
0.26,0.3,0.44,42.10005729810828,8.996310512868252
0.26,0.32,0.42,43.279676402828215,8.654655663756976
0.26,0.34,0.4,44.538826483291565,8.149017709888243
0.26,0.36,0.38,45.833296321448984,7.531432858713207
0.26,0.38,0.36,47.12483586264515,6.874292266023949
0.26,0.4,0.34,48.3806132944475,6.2734112997895854
0.26,0.42,0.32,49.572752879595555,5.840310619460801
0.26,0.44,0.3,50.67800230090133,5.668377536392721
0.26,0.46,0.28,51.6775282876227,5.777336530379928
0.26,0.48,0.26,52.55679188458279,6.087338234225413
0.26,0.5,0.24,53.30541418486554,6.455872319073446
0.26,0.52,0.22,53.916922589550296,6.7350349738648125
0.26,0.54,0.2,54.388294431608415,6.810556217608639
0.26,0.56,0.18,54.719333297135975,6.631688475712413
0.26,0.58,0.16,54.91218551473746,6.256614530272285
0.26,0.6,0.14,54.97178896491498,5.926252497154069
0.26,0.62,0.12,54.90874554276161,6.086062735771281
0.26,0.64,0.1,54.74683480451969,7.097974544898486
0.26,0.66,0.08,54.537496339056936,8.847206665789153
0.26,0.68,0.06,54.38152180828405,10.888475311902116
0.26,0.7,0.04,54.45057986864559,12.733031677304922
0.26,0.72,0.02,54.98140661014238,13.923779007356897
0.26,0.74,0.0,56.17682563692532,14.268022403335767
0.28,0.0,0.72,68.01909423080107,13.788194307428363
0.28,0.02,0.7,63.29648786955333,11.48438286091297
0.28,0.04,0.68,58.61224633365339,9.366126704375404
0.28,0.06,0.66,54.005343313918964,7.425854302065712
0.28,0.08,0.64,49.77523616230275,5.834110736488253
0.28,0.1,0.62,46.12664212299312,4.861955100027347
0.28,0.12,0.6,43.167801917607214,4.731289424584748
0.28,0.14,0.58,40.930009212471624,5.300197141089797
0.28,0.16,0.56,39.38967633983312,6.184619085992068
0.28,0.18,0.54,38.487949205190006,7.094754565634776
0.28,0.2,0.52,38.14631823100193,7.8794830441132895
0.28,0.22,0.5,38.278085599799816,8.466979772933087
0.28,0.24,0.48,38.796180320044165,8.826054074178135
0.28,0.26,0.46,39.61804281877641,8.948451124557607
0.28,0.28,0.44,40.66831965050444,8.841318980499166
0.28,0.3,0.42,41.880026215317685,8.524665168522267
0.28,0.32,0.4,43.19471434387814,8.03191705522541
0.28,0.34,0.38,44.56205768475422,7.41310401736932
0.28,0.36,0.36,45.93915615586829,6.740420161000208
0.28,0.38,0.34,47.28976650448949,6.113992887728762
0.28,0.4,0.32,48.58358808603978,5.658301713744875
0.28,0.42,0.3,49.79566669576435,5.488567821211393
0.28,0.44,0.28,50.90592137437176,5.643448562440982
0.28,0.46,0.26,51.89874684244897,6.045765757079783
0.28,0.48,0.24,52.76260205313256,6.543028392544302
0.28,0.5,0.22,53.48947578137674,6.9739449983020565
0.28,0.52,0.2,54.07415160264847,7.207568704204761
0.28,0.54,0.18,54.51332369483069,7.16524810364981
0.28,0.56,0.16,54.80490805678015,6.851356596527268
0.28,0.58,0.14,54.948418826413274,6.410876538069023
0.28,0.6,0.12,54.94805229200338,6.196325141353385
0.28,0.62,0.1,54.820970386985984,6.670521000028886
0.28,0.64,0.08,54.61356225223552,7.983245420623826
0.28,0.66,0.06,54.426555488407274,9.797120052212446
0.28,0.68,0.04,54.4422113001114,11.588324946353929
0.28,0.7,0.02,54.92635743510298,12.828860160501428
0.28,0.72,0.0,56.139880700054434,13.226074231845695
0.3,0.0,0.7,68.9689383496511,12.323818876307058
0.3,0.02,0.68,63.09638840007092,9.963928042527348
0.3,0.04,0.66,57.66566379150685,7.93473087373287
0.3,0.06,0.64,52.58304037403461,6.2195962981731165
0.3,0.08,0.62,48.102095089351465,5.0208868910903615
0.3,0.1,0.6,44.38033720805002,4.591675306326311
0.3,0.12,0.58,41.479478278936526,4.9380934685626725
0.3,0.14,0.56,39.388892088867735,5.7293338035713886
0.3,0.16,0.54,38.049898856290966,6.632158820418481
0.3,0.18,0.52,37.375998005618996,7.455001541105908
0.3,0.2,0.5,37.268061236201525,8.103455660645775
0.3,0.22,0.48,37.624846767933406,8.533897079328392
0.3,0.24,0.46,38.349676124131385,8.730676436770821
0.3,0.26,0.44,39.35420801673801,8.69619728585124
0.3,0.28,0.42,40.56016148005861,8.447194268802761
0.3,0.3,0.4,41.89968974661893,8.014616729494179
0.3,0.32,0.38,43.314944615291665,7.446369854835005
0.3,0.34,0.36,44.757223425129,6.812631167231071
0.3,0.36,0.34,46.18596671769687,6.211811798614673
0.3,0.38,0.32,47.56777320695063,5.76840374826015
0.3,0.4,0.3,48.875516192124465,5.60269718082374
0.3,0.42,0.28,50.08757585769062,5.7653315374869765
0.3,0.44,0.26,51.1871431301264,6.192377920420788
0.3,0.46,0.24,52.16150504932273,6.7379291678634115
0.3,0.48,0.22,53.00120222841231,7.2388328461064555
0.3,0.5,0.2,53.6989838203303,7.554436820242639
0.3,0.52,0.18,54.24862365405336,7.58606370433134
0.3,0.54,0.16,54.64397266343887,7.300186465613104
0.3,0.56,0.14,54.87918430818587,6.774081610385734
0.3,0.58,0.12,54.951890636350136,6.271973187726189
0.3,0.6,0.1,54.872075313062616,6.2676779593222625
0.3,0.62,0.08,54.67986195450746,7.131531661603369
0.3,0.64,0.06,54.473756823601356,8.691910084511923
0.3,0.66,0.04,54.443371485844196,10.408135716136657
0.3,0.68,0.02,54.87982164999817,11.67965029268778
0.3,0.7,0.0,56.099984962460326,12.103760660087243
0.32,0.0,0.68,69.79397707559629,10.79554996670642
0.32,0.02,0.66,62.83374096853422,8.468415838965102
0.32,0.04,0.64,56.75169611464995,6.601961250132604
0.32,0.06,0.62,51.29383187030864,5.17962716372848
0.32,0.08,0.6,46.652022238771174,4.424867674261179
0.32,0.1,0.58,42.92839837783041,4.4839853596340395
0.32,0.12,0.56,40.13527567106039,5.1402089382485
0.32,0.14,0.54,38.220639706053085,6.026560870934027
0.32,0.16,0.52,37.09317225479088,6.8971784336931945
0.32,0.18,0.5,36.64204968807212,7.6264514134308365
0.32,0.2,0.48,36.7510341847899,8.15432277470629
0.32,0.22,0.46,37.3076370538179,8.455834511501788
0.32,0.24,0.44,38.208463059691454,8.52773027539015
0.32,0.26,0.42,39.36181276853895,8.38311225833376
0.32,0.28,0.4,40.68845190711449,8.050351772126996
0.32,0.3,0.38,42.1212535054627,7.5749601502092165
0.32,0.32,0.36,43.604227711863814,7.0237808325072475
0.32,0.34,0.34,45.09129118056063,6.48944618538229
0.32,0.36,0.32,46.544996698213296,6.08757546124913
0.32,0.38,0.3,47.93533828208202,5.931011822710388
0.32,0.4,0.28,49.23866215500162,6.075267752031389
0.32,0.42,0.26,50.43664520105021,6.475869893705783
0.32,0.44,0.24,51.51525141436531,7.006553901194655
0.32,0.46,0.22,52.46355588265085,7.512627479064014
0.32,0.48,0.2,53.272362941957105,7.850219415008764
0.32,0.5,0.18,53.93269054414109,7.906870889792271
0.32,0.52,0.16,54.43452018398167,7.621603020555353
0.32,0.54,0.14,54.76680493885856,7.022057505380027
0.32,0.56,0.12,54.920630745597116,6.2961504742197185
0.32,0.58,0.1,54.89850689731266,5.877951102090232
0.32,0.6,0.08,54.73341957610179,6.294671197624663
0.32,0.62,0.06,54.5198619479775,7.583457323074683
0.32,0.64,0.04,54.451780563454385,9.209475965838877
0.32,0.66,0.02,54.841504162967375,10.49694147880647
0.32,0.68,0.0,56.05833415337618,10.929490970295006
0.34,0.0,0.66,70.54052112851318,9.253156598471438
0.34,0.02,0.64,62.58392487722024,7.0383850074423515
0.34,0.04,0.62,55.952453897265016,5.391424855216964
0.34,0.06,0.6,50.21357462573168,4.307688170681667
0.34,0.08,0.58,45.48683683164508,4.001617415369241
0.34,0.1,0.56,41.81488459112097,4.443558093024597
0.34,0.12,0.54,39.16073262147789,5.2804066833535135
0.34,0.14,0.52,37.43346803509097,6.195754122659988
0.34,0.16,0.5,36.51272547813585,7.017907582980839
0.34,0.18,0.48,36.267211492449704,7.663442751976908
0.34,0.2,0.46,36.5672064585969,8.09471912660657
0.34,0.22,0.44,37.29213960496318,8.30093951260822
0.34,0.24,0.42,38.334525479838994,8.290417247091156
0.34,0.26,0.4,39.60141418121618,8.088127446071447
0.34,0.28,0.38,41.01427281641521,7.736358234262649
0.34,0.3,0.36,42.507975453926015,7.297326551381569
0.34,0.32,0.34,44.02936891978384,6.855572656527131
0.34,0.34,0.32,45.53571093637123,6.514077182534591
0.34,0.36,0.3,46.993142232292485,6.37319418956445
0.34,0.38,0.28,48.375248178705185,6.4887327240227854
0.34,0.4,0.26,49.661682825600636,6.835387044715002
0.34,0.42,0.24,50.836768908851205,7.311833212208448
0.34,0.44,0.22,51.88796278458116,7.778937927938504
0.34,0.46,0.2,52.804110834141945,8.095701921318637
0.34,0.48,0.18,53.57357468523751,8.141707862893615
0.34,0.5,0.16,54.182642851688954,7.836583068965499
0.34,0.52,0.14,54.615266685812884,7.171289371825483
0.34,0.54,0.12,54.856115335852756,6.270490968852445
0.34,0.56,0.1,54.90012790832189,5.502528605781748
0.34,0.58,0.08,54.77257884796462,5.48218816496107
0.34,0.6,0.06,54.562527189582546,6.483805841963361
0.34,0.62,0.04,54.46557238560849,8.008021642443103
0.34,0.64,0.02,54.8111774877597,9.298113359558766
0.34,0.66,0.0,56.016460646121764,9.724842842162182
0.36,0.0,0.64,71.25708877882688,7.7432800622088305
0.36,0.02,0.62,62.41440255710992,5.707101528966039
0.36,0.04,0.6,55.33446848677629,4.31774640917536
0.36,0.06,0.58,49.39770835608531,3.595990017142862
0.36,0.08,0.56,44.64583182359233,3.701466310783076
0.36,0.1,0.54,41.06145395466145,4.415186276645451
0.36,0.12,0.52,38.560720023052966,5.351030855041953
0.36,0.14,0.5,37.017667589320524,6.266127935880454
0.36,0.16,0.48,36.28711908766737,7.041417252407632
0.36,0.18,0.46,36.22132770324906,7.620950352196161
0.36,0.2,0.44,36.680592163936495,7.983257890653089
0.36,0.22,0.42,37.53914475229272,8.129813408000176
0.36,0.24,0.4,38.687697420864055,8.080682505064217
0.36,0.26,0.38,40.03381425797454,7.873665390475438
0.36,0.28,0.36,41.500996507819764,7.565206186532553
0.36,0.3,0.34,43.027102416227244,7.230873579533505
0.36,0.32,0.32,44.56250461958576,6.960768549902167
0.36,0.34,0.3,46.06821393202226,6.842655306645852
0.36,0.36,0.28,47.51406416074456,6.930587193118871
0.36,0.38,0.26,48.87695045549997,7.2148703790272215
0.36,0.4,0.24,50.13904240223729,7.618457310556135
0.36,0.42,0.22,51.285862030536364,8.021130600081992
0.36,0.44,0.2,52.30415306141245,8.289724010858395
0.36,0.46,0.18,53.17962166020368,8.30127615509844
0.36,0.48,0.16,53.894979596499354,7.962852725874728
0.36,0.5,0.14,54.429363501865446,7.238958180958431
0.36,0.52,0.12,54.76120734855223,6.203685897290311
0.36,0.54,0.1,54.87792070214031,5.149555867653001
0.36,0.56,0.08,54.79673196755477,4.7094249677906355
0.36,0.58,0.06,54.60018880139987,5.405823283711499
0.36,0.6,0.04,54.48324322616237,6.817831572336146
0.36,0.62,0.02,54.78860130149744,8.097450524046206
0.36,0.64,0.0,55.97596577854622,8.505912031519365
0.38,0.0,0.62,71.98830543539479,6.307052187823098
0.38,0.02,0.6,62.38009098653893,4.499861827315908
0.38,0.04,0.58,54.946371475338594,3.3878434917832796
0.38,0.06,0.56,48.88127285623686,3.03121432338898
0.38,0.08,0.54,44.147759128583495,3.48441451400647
0.38,0.1,0.52,40.670787245905125,4.380083671834215
0.38,0.12,0.5,38.323763272524644,5.369638961500468
0.38,0.14,0.48,36.950355489471804,6.275367129688954
0.38,0.16,0.46,36.38506266824673,7.013475124828293
0.38,0.18,0.44,36.46760530033994,7.5469750611395625
0.38,0.2,0.42,37.05152089816097,7.867440276681218
0.38,0.22,0.4,38.00837622711919,7.987871672813997
0.38,0.24,0.38,39.22900545974882,7.940033095072088
0.38,0.26,0.36,40.62290972047893,7.773664827565288
0.38,0.28,0.34,42.11664159621655,7.555391814315672
0.38,0.3,0.32,43.651722056225864,7.363806333110188
0.38,0.32,0.3,45.18241483531533,7.27593614869806
0.38,0.34,0.28,46.67351155849849,7.343563038261039
0.38,0.36,0.26,48.098152432822886,7.568727867411196
0.38,0.38,0.24,49.435618846733135,7.8953398307167655
0.38,0.4,0.22,50.66899314920215,8.22252493676338
0.38,0.42,0.2,51.78261276321215,8.428240797551302
0.38,0.44,0.18,52.75940087400599,8.391573711357738
0.38,0.46,0.16,53.578513888158156,8.012913933624887
0.38,0.48,0.14,54.21440704996057,7.238855263671113
0.38,0.5,0.12,54.63946214493303,6.105004136211013
0.38,0.52,0.1,54.83367718344322,4.829235052833907
0.38,0.54,0.08,54.80607903378674,3.997255647501053
0.38,0.56,0.06,54.631923990783484,4.363100456900435
0.38,0.58,0.04,54.50360258590065,5.651188191510543
0.38,0.6,0.02,54.77348081265792,6.90640596061984
0.38,0.62,0.0,55.93833218369998,7.2843919464145666
0.4,0.0,0.6,72.77028950496695,4.977961878063054
0.4,0.02,0.58,62.52066397468393,3.4334542838026474
0.4,0.04,0.56,54.81837081265093,2.602744772935978
0.4,0.06,0.54,48.68028915226557,2.5992768255507985
0.4,0.08,0.52,43.99362745701854,3.3277647325463144
0.4,0.1,0.5,40.630278008132834,4.342773020838053
0.4,0.12,0.48,38.426161665813716,5.362970876899162
0.4,0.14,0.46,37.19966402114236,6.259066125513515
0.4,0.16,0.44,36.76942112287827,6.9709931215981875
0.4,0.18,0.42,36.96628197021548,7.476069124187002
0.4,0.2,0.4,37.63988537470279,7.777342497665089
0.4,0.22,0.38,38.661286612086755,7.8986625195186715
0.4,0.24,0.36,39.92300788317889,7.882176335341243
0.4,0.26,0.34,41.33757773728112,7.785908792136625
0.4,0.28,0.32,42.83529688218122,7.678662756253917
0.4,0.3,0.3,44.361688886140186,7.6288983019383405
0.4,0.32,0.28,45.87487493371886,7.686332304652019
0.4,0.34,0.26,47.34294822146261,7.861701875756321
0.4,0.36,0.24,48.74131092091061,8.116115167017986
0.4,0.38,0.22,50.04988078785882,8.366811253623899
0.4,0.4,0.2,51.25009852184266,8.504563252000164
0.4,0.42,0.18,52.32182047094963,8.414013683682795
0.4,0.44,0.16,53.240543765942405,7.993822725140465
0.4,0.46,0.14,53.976086249768045,7.179985282249112
0.4,0.48,0.12,54.49491849931003,5.9810612022812215
0.4,0.5,0.1,54.76976979900156,4.550051784328948
0.4,0.52,0.08,54.80142912356431,3.372871050209017
0.4,0.54,0.06,54.65732219690806,3.3711867551609656
0.4,0.56,0.04,54.52572411137934,4.518748358694432
0.4,0.58,0.02,54.76544763647351,5.733946768240658
0.4,0.6,0.0,55.90480325332896,6.068553472596646
0.42,0.0,0.58,73.62748067408269,3.780123577176784
0.42,0.02,0.56,62.85938969523537,2.5159812068314946
0.42,0.04,0.54,54.9629478897597,1.9610108673329971
0.42,0.06,0.52,48.79388688230565,2.2899271953087434
0.42,0.08,0.5,44.16975369356086,3.2249003661159925
0.42,0.1,0.48,40.91554659038705,4.317780158491925
0.42,0.12,0.46,38.83560270429044,5.3557529267011414
0.42,0.14,0.44,37.72820224088325,6.242920161149915
0.42,0.16,0.42,37.40036796752452,6.9360777390342285
0.42,0.18,0.4,37.67739092843136,7.424415574135144
0.42,0.2,0.38,38.407488552369216,7.721420595119719
0.42,0.22,0.36,39.46298465449678,7.860478815786521
0.42,0.24,0.34,40.73930601063532,7.89117855262386
0.42,0.26,0.32,42.1527622117322,7.873946398895934
0.42,0.28,0.3,43.637744454391395,7.870498198315692
0.42,0.3,0.28,45.143704132217906,7.9289338485942364
0.42,0.32,0.26,46.63206306037661,8.066604123937376
0.42,0.34,0.24,48.073062157830456,8.258574424932553
0.42,0.36,0.22,49.44247787666004,8.438331341034697
0.42,0.38,0.2,50.718147498601596,8.509980036161252
0.42,0.4,0.18,51.87639249030622,8.366154902468391
0.42,0.42,0.16,52.888793217780936,7.907790860312016
0.42,0.44,0.14,53.720453584225744,7.06654805006262
0.42,0.46,0.12,54.33199479542009,5.8346375711240075
0.42,0.48,0.1,54.68899931903935,4.316236894730586
0.42,0.5,0.08,54.784045800778706,2.8706875567755903
0.42,0.52,0.06,54.67637104802271,2.452724923824818
0.42,0.54,0.04,54.548895080500884,3.4304554234495717
0.42,0.56,0.02,54.76404983131295,4.587203806798622
0.42,0.58,0.0,55.876311847317226,4.864369208548228
0.44,0.0,0.56,74.57075017420368,2.727696576984165
0.44,0.02,0.54,63.40309763262687,1.7484341902490486
0.44,0.04,0.52,55.37628999718771,1.4663602709114403
0.44,0.06,0.5,49.20672146026986,2.0987905509639573
0.44,0.08,0.48,44.65070386471596,3.177979304922975
0.44,0.1,0.46,41.49353476324168,4.318339592330481
0.44,0.12,0.44,39.51414932480745,5.362524584968231
0.44,0.14,0.42,38.49577471239611,6.237289585056444
0.44,0.16,0.4,38.237752545737436,6.912507936857755
0.44,0.18,0.38,38.56274603220059,7.387883601151046
0.44,0.2,0.36,39.319643509304875,7.686202914887338
0.44,0.22,0.34,40.38345252282306,7.848207982952936
0.44,0.24,0.32,41.65336751622583,7.926726430173198
0.44,0.26,0.3,43.049861702465364,7.977970714687264
0.44,0.28,0.28,44.5113277512656,8.04883809839057
0.44,0.3,0.26,45.990529666545356,8.161933040568597
0.44,0.32,0.24,47.45094060299058,8.303774592417009
0.44,0.34,0.22,48.86293432836711,8.422188675397333
0.44,0.36,0.2,50.19979101046251,8.43441460470141
0.44,0.38,0.18,51.43361654267218,8.242618813409315
0.44,0.4,0.16,52.531636120487896,7.753141732327005
0.44,0.42,0.14,53.45401424913428,6.898636211900979
0.44,0.44,0.12,54.15547312894853,5.664794443458899
0.44,0.46,0.1,54.59450976149443,4.1266784940190835
0.44,0.48,0.08,54.75553414273665,2.529168513171945
0.44,0.5,0.06,54.68935759675911,1.6570573313109662
0.44,0.52,0.04,54.572562828636485,2.399042615163523
0.44,0.54,0.02,54.768740844587114,3.473079639948348
0.44,0.56,0.0,55.85344028416975,3.677445081594375
0.46,0.0,0.54,75.59658127229288,1.8290669756909899
0.46,0.02,0.52,64.14291623297584,1.1346694174802814
0.46,0.04,0.5,56.04009169305267,1.1425983289528168
0.46,0.06,0.48,49.891380335199315,2.0241183559555207
0.46,0.08,0.46,45.401923223223775,3.188480015281706
0.46,0.1,0.44,42.32508570528563,4.348084569715973
0.46,0.12,0.42,40.42059810543128,5.382831749157452
0.46,0.14,0.4,39.461427662511895,6.235118073146258
0.46,0.16,0.38,39.242798708360205,6.8857939259465
0.46,0.18,0.36,39.58728654121917,7.344031671385353
0.46,0.2,0.34,40.34616405081453,7.640365896930411
0.46,0.22,0.32,41.39816759192821,7.819936289471083
0.46,0.24,0.3,42.64673396602572,7.933988516157361
0.46,0.26,0.28,44.016433502237675,8.0284112818096
0.46,0.28,0.26,45.44901269951532,8.130135963936759
0.46,0.3,0.24,46.899221898379295,8.235279832151408
0.46,0.32,0.22,48.33045703282517,8.304312383243925
0.46,0.34,0.2,49.710210963379616,8.267040957138159
0.46,0.36,0.18,51.00545247018757,8.036030954261546
0.46,0.38,0.16,52.1784055757393,7.525405092152385
0.46,0.4,0.14,53.18389450837399,6.673314375333548
0.46,0.42,0.12,53.97055261494213,5.467829324751671
0.46,0.44,0.1,54.489757625405915,3.9755081148900224
0.46,0.46,0.08,54.71776249234283,2.3760727399126784
0.46,0.48,0.06,54.69678233093963,1.1337181279871655
0.46,0.5,0.04,54.59627577826147,1.4568548616297037
0.46,0.52,0.02,54.778859521024316,2.4036243801251858
0.46,0.54,0.0,55.836395871788035,2.5186319915321618
0.48,0.0,0.52,76.6871101306229,1.11506088148244
0.48,0.02,0.5,65.05550327321215,0.7302984530277257
0.48,0.04,0.48,56.923480797862865,1.0398294260230763
0.48,0.06,0.46,50.81061255898862,2.0594130828787987
0.48,0.08,0.44,46.381979693415026,3.2499007046732107
0.48,0.1,0.42,43.36701526015322,4.397262318802272
0.48,0.12,0.4,41.512277483161384,5.40076451380178
0.48,0.14,0.38,40.584931324904765,6.213858324430018
0.48,0.16,0.36,40.37925988269604,6.826964250010521
0.48,0.18,0.34,40.71990054265607,7.257544385553066
0.48,0.2,0.32,41.461837890953994,7.541793364934883
0.48,0.22,0.3,42.48817573997096,7.725663038608534
0.48,0.24,0.28,43.70660030175174,7.8538279664927115
0.48,0.26,0.26,45.04513499625514,7.956781079448427
0.48,0.28,0.24,46.44750240543995,8.038837240122943
0.48,0.3,0.22,47.8682153802476,8.071677966240008
0.48,0.32,0.2,49.2674497527437,7.996950629164117
0.48,0.34,0.18,50.605849989205275,7.7380072834334985
0.48,0.36,0.16,51.83976066293466,7.218519193721098
0.48,0.38,0.14,52.91806507532889,6.385970586960518
0.48,0.4,0.12,53.78295191296194,5.23884520651384
0.48,0.42,0.1,54.378520497071975,3.8543352297019218
0.48,0.44,0.08,54.672809269555316,2.40614742507347
0.48,0.46,0.06,54.69928074125254,1.1682928059778377
0.48,0.48,0.04,54.619615620894045,0.7797706363622566
0.48,0.5,0.02,54.79359486463631,1.4229698402755955
0.48,0.52,0.0,55.8249891030417,1.4333189951499399
0.5,0.0,0.5,77.81085519973163,0.7796400693135194
0.5,0.02,0.48,66.10458277727781,0.7274094706884326
0.5,0.04,0.46,57.98493652950955,1.1763678065411671
0.5,0.06,0.44,51.919323193738855,2.1893701913201746
0.5,0.08,0.42,47.544432844441864,3.346166002054718
0.5,0.1,0.4,44.57374207351558,4.444365672287693
0.5,0.12,0.38,42.74638729784894,5.38882118856133
0.5,0.14,0.36,41.8278114505458,6.140796575721716
0.5,0.16,0.34,41.61413362463911,6.698959772065795
0.5,0.18,0.32,41.933800132407825,7.087478858175444
0.5,0.2,0.3,42.64640889335149,7.345475629871639
0.5,0.22,0.28,43.639582573403814,7.515548908855901
0.5,0.24,0.26,44.824666751388726,7.630874919695802
0.5,0.26,0.24,46.13174457005618,7.702794918620789
0.5,0.28,0.22,47.504221561683245,7.712975934180718
0.5,0.3,0.2,48.89312071718239,7.614105880917772
0.5,0.32,0.18,50.251294071159265,7.34037004772703
0.5,0.34,0.16,51.528077347103235,6.826289963563594
0.5,0.36,0.14,52.6655921459383,6.032053230151569
0.5,0.38,0.12,53.599038747991884,4.9739654136553595
0.5,0.4,0.1,54.26492770224505,3.7557889538736675
0.5,0.42,0.08,54.62292255750722,2.5794409688044126
0.5,0.44,0.06,54.69754470370237,1.6554443396957865
0.5,0.46,0.04,54.642115648140894,0.9876195064594332
0.5,0.48,0.02,54.81192983603527,0.8143744525163632
0.5,0.5,0.0,55.81860439602155,0.7804298109021442
0.52,0.0,0.48,78.92401893016032,1.1009877587609227
0.52,0.02,0.46,67.24269197375492,1.1119473908125044
0.52,0.04,0.44,59.17415974079476,1.4964634490451694
0.52,0.06,0.42,53.1663523876429,2.3946482000829254
0.52,0.08,0.4,48.83939650566967,3.4563708299528657
0.52,0.1,0.38,45.89857319447914,4.4623451466831865
0.52,0.12,0.36,44.08098412543055,5.314891188219096
0.52,0.14,0.34,43.1540215665326,5.980435343526589
0.52,0.16,0.32,42.91799525331979,6.464236878180119
0.52,0.18,0.3,43.20645993188113,6.794916535909804
0.52,0.2,0.28,43.88401949391294,7.010959923625347
0.52,0.22,0.26,44.84234892751324,7.146864360101238
0.52,0.24,0.24,45.99509425468601,7.219784609636757
0.52,0.26,0.22,47.27207249411788,7.220219248213979
0.52,0.28,0.2,48.61303802474819,7.111026022253456
0.52,0.3,0.18,49.96130664887491,6.837007093808848
0.52,0.32,0.16,51.257818783956466,6.344514156525259
0.52,0.34,0.14,52.436881578537665,5.609618580664259
0.52,0.36,0.12,53.42595946839209,4.673586183439742
0.52,0.38,0.1,54.153492234975154,3.6779412235486557
0.52,0.4,0.08,54.57047707182281,2.8481312575080633
0.52,0.42,0.06,54.69223308493653,2.2842069063788135
0.52,0.44,0.04,54.66315820130603,1.7422781817105206
0.52,0.46,0.02,54.832558271853465,1.2620481376066697
0.52,0.48,0.0,55.81615554961482,1.4117255308651848
0.54,0.0,0.46,79.97230523801983,1.7739207274333102
0.54,0.02,0.44,68.4131182245135,1.6822641882745004
0.54,0.04,0.42,60.43392444320199,1.9448877356057808
0.54,0.06,0.4,54.49611013529364,2.6615448374035178
0.54,0.08,0.38,50.21489023160871,3.5638066879510655
0.54,0.1,0.36,47.29474530979948,4.427883542689618
0.54,0.12,0.34,45.475697324753014,5.151298640277724
0.54,0.14,0.32,44.53030708862045,5.703216344329503
0.54,0.16,0.3,44.26495270775617,6.093143113607476
0.54,0.18,0.28,44.51906082038012,6.350887160728626
0.54,0.2,0.26,45.1619920625702,6.509684018113567
0.54,0.22,0.24,46.08821762470949,6.590814964035224
0.54,0.24,0.22,47.211375958141886,6.592296263459108
0.54,0.26,0.2,48.457640772598054,6.486125321973209
0.54,0.28,0.18,49.758815563857866,6.2272587150823115
0.54,0.3,0.16,51.04582083322538,5.774680537584576
0.54,0.32,0.14,52.24386911376726,5.123687309021319
0.54,0.34,0.12,53.271733477805945,4.347587838912871
0.54,0.36,0.1,54.04911755955021,3.629269475141069
0.54,0.38,0.08,54.517909007183114,3.180263532678922
0.54,0.4,0.06,54.683857616582856,2.9454045193178766
0.54,0.42,0.04,54.68184170845858,2.5823891990400245
0.54,0.44,0.02,54.853768120633,2.184263393725334
0.54,0.46,0.0,55.81601986198188,2.4960176782360834
0.56,0.0,0.44,80.89324699182576,2.606566177686116
0.56,0.02,0.42,69.55206326142174,2.381721995959652
0.56,0.04,0.4,61.701985235670946,2.5015040823175347
0.56,0.06,0.38,55.85016276811018,2.9901949472530176
0.56,0.08,0.36,51.61807875762112,3.6672123511960812
0.56,0.1,0.34,48.71630363787294,4.333461391424286
0.56,0.12,0.32,46.892222943734026,4.886511462679201
0.56,0.14,0.3,45.926259081943485,5.296648723507521
0.56,0.16,0.28,45.63216049285122,5.574452692158171
0.56,0.18,0.26,45.85531560991937,5.746322223254536
0.56,0.2,0.24,46.46877831564183,5.834590977645155
0.56,0.22,0.22,47.3675932601355,5.842856066621522
0.56,0.24,0.2,48.462023159332695,5.7508397998114615
0.56,0.26,0.18,49.67025846076358,5.5228779456116035
0.56,0.28,0.16,50.9113994246871,5.131345625464047
0.56,0.3,0.14,52.100090318227096,4.594575632016353
0.56,0.32,0.12,53.14526493194943,4.024008182376251
0.56,0.34,0.1,53.9570446340712,3.6334437369913313
0.56,0.36,0.08,54.467603362494,3.565498726851802
0.56,0.38,0.06,54.67262578911195,3.618090232018093
0.56,0.4,0.04,54.69680464905343,3.441395556787019
0.56,0.42,0.02,54.873282724093684,3.1973665038165344
0.56,0.44,0.0,55.815946213755815,3.6581228394349874
0.58,0.0,0.42,81.61906957863164,3.5731091830203434
0.58,0.02,0.4,70.59110459715379,3.20683383925475
0.58,0.04,0.38,62.91313358411683,3.1673840945377916
0.58,0.06,0.36,57.1688677763063,3.398550444587016
0.58,0.08,0.34,52.99647885769793,3.792850248591948
0.58,0.1,0.32,50.118863365036916,4.203683490806016
0.58,0.12,0.3,48.294591127322384,4.542649971119069
0.58,0.14,0.28,47.31399461784834,4.782808523043717
0.58,0.16,0.26,46.99877145836961,4.932571741248594
0.58,0.18,0.24,47.199512678748924,5.009248718678021
0.58,0.2,0.22,47.79091316550106,5.018628431010372
0.58,0.22,0.2,48.665298768016456,4.9459380849567856
0.58,0.24,0.18,49.72523089135336,4.763593282029953
0.58,0.26,0.16,50.87614651373775,4.458030079332808
0.58,0.28,0.14,52.02053708902213,4.074335344589343
0.58,0.3,0.12,53.0562062350754,3.7619726947858814
0.58,0.32,0.1,53.882692817479,3.7315766173378178
0.58,0.34,0.08,54.42170066897785,4.0114480023754835
0.58,0.36,0.06,54.65821703250072,4.308133110679023
0.58,0.38,0.04,54.70599001736232,4.316277569400803
0.58,0.4,0.02,54.888049954783234,4.2481022328163505
0.58,0.42,0.0,55.812933562424135,4.851592217427259
0.6,0.0,0.4,82.08012096091997,4.670952459652255
0.6,0.02,0.38,71.46002694770551,4.15995566419849
0.6,0.04,0.36,64.00148623643386,3.9524836140014616
0.6,0.06,0.34,58.39312719925461,3.9206583718599037
0.6,0.08,0.32,54.29917220678015,4.002988768523794
0.6,0.1,0.3,51.460244929213765,4.115679346913182
0.6,0.12,0.28,49.649142419330396,4.203396163452532
0.6,0.14,0.26,48.667344586731204,4.250185534774362
0.6,0.16,0.24,48.34417031295853,4.261842070513185
0.6,0.18,0.22,48.53363057538423,4.242321376784062
0.6,0.2,0.2,49.10892479452642,4.179668797935055
0.6,0.22,0.18,49.955415226811525,4.052413868929626
0.6,0.24,0.16,50.963230718737755,3.8605311953818116
0.6,0.26,0.14,52.02117313563377,3.674615688767347
0.6,0.28,0.12,53.014585027513505,3.662159204897846
0.6,0.3,0.1,53.83133318588842,3.977332595153545
0.6,0.32,0.08,54.38177991432954,4.5377550253842855
0.6,0.34,0.06,54.6394617723679,5.031898889201926
0.6,0.36,0.04,54.706329410388115,5.216654813004155
0.6,0.38,0.02,54.893966857576956,5.329680849201431
0.6,0.4,0.0,55.80307746398391,6.06614801560673
0.62,0.0,0.38,82.20886601710814,5.892867472104241
0.62,0.02,0.36,72.09006379061809,5.240125065297303
0.62,0.04,0.34,64.90304637573821,4.8689099929707265
0.62,0.06,0.32,59.466276657446585,4.597981394231741
0.62,0.08,0.3,55.47799970719634,4.3887742378595265
0.62,0.1,0.28,52.700908149147935,4.208722335319208
0.62,0.12,0.26,50.92408934351853,4.044254073428913
0.62,0.14,0.24,49.960396185986674,3.900940189008257
0.62,0.16,0.22,49.645355100429384,3.7870665392551732
0.62,0.18,0.2,49.83350050205333,3.6972173284879477
0.62,0.2,0.18,50.39244547978976,3.6162080914973878
0.62,0.22,0.16,51.1959608056379,3.5523660956713523
0.62,0.24,0.14,52.11794060314766,3.583021582897225
0.62,0.26,0.12,53.0300789445393,3.848764083645726
0.62,0.28,0.1,53.807514611736245,4.422305821189187
0.62,0.3,0.08,54.348362524546225,5.169633712910976
0.62,0.32,0.06,54.61388501773925,5.810057256226938
0.62,0.34,0.04,54.69332094719764,6.155306600303042
0.62,0.36,0.02,54.88552513812839,6.443374253073057
0.62,0.38,0.0,55.78138368267763,7.296814270765536
0.64,0.0,0.36,81.94436645744051,7.223014448089813
0.64,0.02,0.34,72.417515161497,6.44119287397947
0.64,0.04,0.32,65.55849936300521,5.925854511465745
0.64,0.06,0.3,60.336043669023944,5.465726730089972
0.64,0.08,0.28,56.48863113585401,5.036947153593021
0.64,0.1,0.26,53.804040036452776,4.64148926339683
0.64,0.12,0.24,52.08849926300797,4.298921422190851
0.64,0.14,0.22,51.16525679877456,4.034758694466957
0.64,0.16,0.2,50.87345716573641,3.8631351881990574
0.64,0.18,0.18,51.06428757054414,3.782980851647225
0.64,0.2,0.16,51.59531361018358,3.8036508964131825
0.64,0.22,0.14,52.32504925935339,3.981277596623218
0.64,0.24,0.12,53.11079404888277,4.405220349048004
0.64,0.26,0.1,53.81414362614805,5.098864836518421
0.64,0.28,0.08,54.320169440146074,5.931215579763177
0.64,0.3,0.06,54.5770679066155,6.663345386506579
0.64,0.32,0.04,54.660470235441615,7.144355299654513
0.64,0.34,0.02,54.855360987193066,7.5906309649327035
0.64,0.36,0.0,55.7415500025163,8.537878163746665
0.66,0.0,0.34,81.23704150007971,8.63728757810835
0.66,0.02,0.32,72.38758764697124,7.750703040553851
0.66,0.04,0.3,65.91608769197299,7.124692208404933
0.66,0.06,0.28,60.956398910473254,6.5400665195864915
0.66,0.08,0.26,57.29131054946839,5.98830593589373
0.66,0.1,0.24,54.73509293356652,5.494308084757748
0.66,0.12,0.22,53.110540815688566,5.094506148308549
0.66,0.14,0.2,52.249020260106846,4.819239767516861
0.66,0.16,0.18,51.989673944318625,4.682768751908812
0.66,0.18,0.16,52.17609137595357,4.695860751148778
0.66,0.2,0.14,52.65230977052216,4.8927901994523175
0.66,0.22,0.12,53.26138010663994,5.328393241252967
0.66,0.24,0.1,53.85110273366925,6.012863105708704
0.66,0.26,0.08,54.293052065119625,6.839487661362474
0.66,0.28,0.06,54.52177334143517,7.608522194821601
0.66,0.3,0.04,54.59855971292959,8.19241290226285
0.66,0.32,0.02,54.79369180269672,8.769955421312217
0.66,0.34,0.0,55.67572025113718,9.780685965614015
0.68,0.0,0.32,80.0533303407799,10.104236490701078
0.68,0.02,0.3,71.9581375405452,9.148381677102723
0.68,0.04,0.28,65.93425731084804,8.45442860021209
0.68,0.06,0.26,61.288994666169074,7.811238312378483
0.68,0.08,0.24,57.850989389139414,7.2237878552924855
0.68,0.1,0.22,55.46055026476856,6.727107252138877
0.68,0.12,0.2,53.9549282208085,6.357054374393512
0.68,0.14,0.18,53.17017780263767,6.136212287515216
0.68,0.16,0.16,52.94138952809531,6.077913022349912
0.68,0.18,0.14,53.101274342387555,6.205561091326537
0.68,0.2,0.12,53.48031183061355,6.557818136461718
0.68,0.22,0.1,53.913286488092496,7.147603360433324
0.68,0.24,0.08,54.258513285750354,7.89965992439623
0.68,0.26,0.06,54.4367789611095,8.6543861798469
0.68,0.28,0.04,54.494710749426744,9.301872345633626
0.68,0.3,0.02,54.687623780852576,9.974847387920487
0.68,0.32,0.0,55.57421850361244,11.012337451572373
0.7,0.0,0.3,78.37966582107053,11.585899342181241
0.7,0.02,0.28,71.1027986199078,10.604480685518357
0.7,0.04,0.26,65.58359464102995,9.888320812984588
0.7,0.06,0.24,61.30375691280322,9.242925503953629
0.7,0.08,0.22,58.13650540934937,8.679817774518556
0.7,0.1,0.2,55.94575792185817,8.23129870357597
0.7,0.12,0.18,54.57972706709319,7.923033565057538
0.7,0.14,0.16,53.875178779783624,7.770592537923079
0.7,0.16,0.14,53.660016015713055,7.792463834143707
0.7,0.18,0.12,53.75620197620507,8.019229417014426
0.7,0.2,0.1,53.98795425045471,8.470150556144096
0.7,0.22,0.08,54.201745658203016,9.102146737455449
0.7,0.24,0.06,54.30536776866067,9.798153574954096
0.7,0.26,0.04,54.33120882887484,10.466277626376101
0.7,0.28,0.02,54.5203199333925,11.192053177950132
0.7,0.3,0.0,55.425276397095324,12.214649892052254
0.72,0.0,0.28,76.2249525847381,13.038671942303877
0.72,0.02,0.26,69.81277147125364,12.078660726865138
0.72,0.04,0.24,64.84741242895063,11.382552870464664
0.72,0.06,0.22,60.97811173966424,10.775738576506333
0.72,0.08,0.2,58.118495307452186,10.268528372880327
0.72,0.1,0.18,56.15185733676004,9.883715888472235
0.72,0.12,0.16,54.9331140571997,9.637978298984425
0.72,0.14,0.14,54.296565341571736,9.547539813226532
0.72,0.16,0.12,54.06312449938283,9.638126123351597
0.72,0.18,0.1,54.051366051224356,9.934184674675468
0.72,0.2,0.08,54.099155551464094,10.420710393157266
0.72,0.22,0.06,54.10345401361648,11.022462181810853
0.72,0.24,0.04,54.08408135236241,11.667877526306663
0.72,0.26,0.02,54.270031365469904,12.39996359659575
0.72,0.28,0.0,55.21477170543919,13.36319489961458
0.74,0.0,0.26,73.62057929644932,14.41449314217585
0.74,0.02,0.24,68.09639958051774,13.520113431759528
0.74,0.04,0.22,63.720256440906084,12.877502522132506
0.74,0.06,0.2,60.294352651941786,12.333025657921205
0.74,0.08,0.18,57.765922491457246,11.891546663501849
0.74,0.1,0.16,56.03228151505223,11.567202829584174
0.74,0.12,0.14,54.95140414552233,11.374674237630764
0.74,0.14,0.12,54.35516593388785,11.336344800576946
0.74,0.16,0.1,54.064819259021,11.479642018041188
0.74,0.18,0.08,53.91543916168582,11.811223413231875
0.74,0.2,0.06,53.79738651609853,12.293090065357086
0.74,0.22,0.04,53.7214613196653,12.87546623371364
0.74,0.24,0.02,53.909020839785924,13.567113234896617
0.74,0.26,0.0,54.92599959960528,14.426273930671497
0.76,0.0,0.24,70.61698454023318,15.662419631708078
0.76,0.02,0.22,65.97565918735978,14.869202514396376
0.76,0.04,0.2,62.203701434926984,14.30138421908636
0.76,0.06,0.18,59.23491364371341,13.827813210120057
0.76,0.08,0.16,57.04159537144118,13.448634718084922
0.76,0.1,0.14,55.53008507884221,13.17508497030393
0.76,0.12,0.12,54.56086244788537,13.026544564685842
0.76,0.14,0.1,53.97049225494057,13.03126436898997
0.76,0.16,0.08,53.60046832277848,13.210792230721935
0.76,0.18,0.06,53.34160158162804,13.557318596745448
0.76,0.2,0.04,53.20185660782174,14.042521435310919
0.76,0.22,0.02,53.40245472601137,14.65069443529083
0.76,0.24,0.0,54.53949349081739,15.363633108226013
0.78,0.0,0.22,67.276087739719,16.730055069674197
0.78,0.02,0.2,63.47900631856961,16.05992158716224
0.78,0.04,0.18,60.29926366036596,15.574748273856777
0.78,0.06,0.16,57.77601192145101,15.16881647196356
0.78,0.08,0.14,55.89810159571108,14.842018852637306
0.78,0.1,0.12,54.57891269992868,14.609302947743755
0.78,0.12,0.1,53.68800453905838,14.497608193626975
0.78,0.14,0.08,53.086591432983965,14.53721817407778
0.78,0.16,0.06,52.67653768652948,14.742721656485774
0.78,0.18,0.04,52.47260263463061,15.10546023389585
0.78,0.2,0.02,52.70741816407018,15.59483991716977
0.78,0.22,0.0,54.03288642549466,16.124575175257373
0.8,0.0,0.2,63.659696736770734,17.56323233417688
0.8,0.02,0.18,60.630897223962585,17.020864731918877
0.8,0.04,0.16,57.999367390081154,16.612419054958536
0.8,0.06,0.14,55.881630721089564,16.26149278845691
0.8,0.08,0.12,54.277693285116776,15.973364875978058
0.8,0.1,0.1,53.113429291792464,15.771136619741634
0.8,0.12,0.08,52.28754865885032,15.68868835058227
0.8,0.14,0.06,51.72764275328624,15.755911703604523
0.8,0.16,0.04,51.469048303304476,15.981503053212949
0.8,0.18,0.02,51.77233000316249,16.328150898087337
0.8,0.2,0.0,53.3807261480364,16.64494270303968
0.82,0.0,0.18,59.81555938072216,18.101006728159238
0.82,0.02,0.16,57.440059472285675,17.670453774166955
0.82,0.04,0.14,55.27950660180856,17.317454999368174
0.82,0.06,0.12,53.50275352744292,16.998551719224682
0.82,0.08,0.1,52.12379380238104,16.729267921212482
0.82,0.1,0.08,51.101173967814354,16.543205051387513
0.82,0.12,0.06,50.40700126452517,16.480345235888723
0.82,0.14,0.04,50.11546735667272,16.565156936072437
0.82,0.16,0.02,50.537202222667034,16.759599197886722
0.82,0.18,0.0,52.553961006073806,16.842322782483212
0.84,0.0,0.16,55.765244960250996,18.262218096564002
0.84,0.02,0.14,53.89160658886757,17.900941835306696
0.84,0.04,0.12,52.09861534173932,17.561323689870402
0.84,0.06,0.1,50.59207512933837,17.23627204639739
0.84,0.08,0.08,49.41959533567787,16.957098493048083
0.84,0.1,0.06,48.62021195883349,16.771924384647015
0.84,0.12,0.04,48.329356442445444,16.721874494028427
0.84,0.14,0.02,48.93537407828029,16.771718226422642
0.84,0.16,0.0,51.51836145505902,16.609012249720365
0.86,0.0,0.14,51.50141572962335,17.92162076824375
0.86,0.02,0.12,49.95246391810204,17.547734488064627
0.86,0.04,0.1,48.42057817191329,17.14944596897264
0.86,0.06,0.08,47.15299884487165,16.7640628713517
0.86,0.08,0.06,46.28279509914213,16.451998513644764
0.86,0.1,0.04,46.031689498476865,16.277665715499566
0.86,0.12,0.02,46.897432252302316,16.2104691909938
0.86,0.14,0.0,50.23015345677904,15.803316395611672
0.88,0.0,0.12,47.005061002193976,16.881649081831
0.88,0.02,0.1,45.604110280453284,16.350082174924683
0.88,0.04,0.08,44.27656374758928,15.787777729420696
0.88,0.06,0.06,43.352694210798255,15.303492598488635
0.88,0.08,0.04,43.166701076517484,15.006078221773103
0.88,0.1,0.02,44.35766273526285,14.873486258924151
0.88,0.12,0.0,48.62507784542486,14.242626414893474
0.9,0.0,0.1,42.29152170911463,14.867556411350693
0.9,0.02,0.08,40.91585188174257,13.931586842781238
0.9,0.04,0.06,39.88847558165382,13.103274518345716
0.9,0.06,0.04,39.73538322324464,12.623811503393162
0.9,0.08,0.02,41.26178094918213,12.504759404249937
0.9,0.1,0.0,46.592991605882816,11.70824414452077
0.92,0.0,0.08,37.475250205614984,11.635042045992266
0.92,0.02,0.06,36.14859459692041,9.871260323582895
0.92,0.04,0.04,35.84641717695466,8.84730428660565
0.92,0.06,0.02,37.570415493041224,8.81930842938627
0.92,0.08,0.0,43.92249237305299,7.986359458123734
0.94,0.0,0.06,32.777162425499114,7.586622135252962
0.94,0.02,0.04,31.790293043595863,4.0500896081675295
0.94,0.04,0.02,33.24475130658671,3.6522201215038934
0.94,0.06,0.0,40.18733290136954,3.025377032436148
0.96,0.0,0.04,28.22294461882316,6.616244660901117
0.96,0.02,0.02,28.19957403900007,3.4943932024685385
0.96,0.04,0.0,34.53084487366189,3.143829451850376
0.98,0.0,0.02,22.40792227149423,10.685290645507447
0.98,0.02,0.0,25.31722298181651,8.275245088208054
1.0,0.0,0.0,10.506034783770197,0.7819135379174912
