Cu,Ni,Al,std
0.0,0.0,1.0,0.7819156698949365
0.0,0.02,0.98,8.80799982056329
0.0,0.04,0.96,3.344377471158738
0.0,0.06,0.94,3.2188136906778837
0.0,0.08,0.92,8.514178465820962
0.0,0.1,0.9,12.478029406835967
0.0,0.12,0.88,15.214440486761264
0.0,0.14,0.86,17.004356257876356
0.0,0.16,0.84,18.124415262243687
0.0,0.18,0.82,18.794480805496484
0.0,0.2,0.8,19.170609867591928
0.0,0.22,0.78,19.355201615242656
0.0,0.24,0.76,19.411401616178352
0.0,0.26,0.74,19.37630655443908
0.0,0.28,0.72,19.271228772209632
0.0,0.3,0.7,19.108960007089994
0.0,0.32,0.68,18.89857947999132
0.0,0.34,0.66,18.64844694892338
0.0,0.36,0.64,18.36791852973044
0.0,0.38,0.62,18.068173839051866
0.0,0.4,0.6,17.76240839841709
0.0,0.42,0.58,17.46554377730593
0.0,0.44,0.56,17.193543709727894
0.0,0.46,0.54,16.96239932960005
0.0,0.48,0.52,16.786861863250085
0.0,0.5,0.5,16.679050830727686
0.0,0.52,0.48,16.647129368711372
0.0,0.54,0.46,16.694279139878752
0.0,0.56,0.44,16.818187490828535
0.0,0.58,0.42,17.011165708620222
0.0,0.6,0.4,17.260877160616502
0.0,0.62,0.38,17.551523098601944
0.0,0.64,0.36,17.865257789004716
0.0,0.66,0.34,18.183590907042298
0.0,0.68,0.32,18.488554561508888
0.0,0.7,0.3,18.76342268934155
0.0,0.72,0.28,18.992739394550714
0.0,0.74,0.26,19.161327002830213
0.0,0.76,0.24,19.25181240458375
0.0,0.78,0.22,19.24006762929814
0.0,0.8,0.2,19.087891380868207
0.0,0.82,0.18,18.732431549696734
0.0,0.84,0.16,18.07257318883763
0.0,0.86,0.14,16.95431814740586
0.0,0.88,0.12,15.160947495239533
0.0,0.9,0.1,12.421099119477264
0.0,0.92,0.08,8.46273898333488
0.0,0.94,0.06,3.1948741725763985
0.0,0.96,0.04,3.3112603076914606
0.0,0.98,0.02,8.702773318873595
0.0,1.0,0.0,0.7819082064914415
0.02,0.0,0.98,10.944995136202628
0.02,0.02,0.96,3.6584983961205175
0.02,0.04,0.94,3.8263312517272294
0.02,0.06,0.92,9.261597921739556
0.02,0.08,0.9,13.173595680688262
0.02,0.1,0.88,15.762271132127315
0.02,0.12,0.86,17.37213460861384
0.02,0.14,0.84,18.30606304560893
0.02,0.16,0.82,18.787563338157714
0.02,0.18,0.8,18.965307346935802
0.02,0.2,0.78,18.930580035816664
0.02,0.22,0.76,18.735452751974655
0.02,0.24,0.74,18.40741802537813
0.02,0.26,0.72,17.95987061758402
0.02,0.28,0.7,17.399186318058007
0.02,0.3,0.68,16.72941184129021
0.02,0.32,0.66,15.955426779271695
0.02,0.34,0.64,15.085217969400553
0.02,0.36,0.62,14.131748735542999
0.02,0.38,0.6,13.114831547100602
0.02,0.4,0.58,12.063390430161286
0.02,0.42,0.56,11.018431126288517
0.02,0.44,0.54,10.036646006077147
0.02,0.46,0.52,9.1931965764118
0.02,0.48,0.5,8.578954420625365
0.02,0.5,0.48,8.283945970932587
0.02,0.52,0.46,8.364582916621295
0.02,0.54,0.44,8.814645569537461
0.02,0.56,0.42,9.56880205004488
0.02,0.58,0.4,10.534010436143083
0.02,0.6,0.38,11.618770368233498
0.02,0.62,0.36,12.746179358332885
0.02,0.64,0.34,13.855763537587896
0.02,0.66,0.32,14.901495727550312
0.02,0.68,0.3,15.849611087074468
0.02,0.7,0.28,16.67707552895134
0.02,0.72,0.26,17.37040838745212
0.02,0.74,0.24,17.92414987788751
0.02,0.76,0.22,18.3381160233139
0.02,0.78,0.2,18.612608477747465
0.02,0.8,0.18,18.74106383810705
0.02,0.82,0.16,18.700458394326017
0.02,0.84,0.14,18.441405851459997
0.02,0.86,0.12,17.88272390575794
0.02,0.88,0.1,16.920206190766308
0.02,0.9,0.08,15.467648813660364
0.02,0.92,0.06,13.555244101530949
0.02,0.94,0.04,11.462517370030826
0.02,0.96,0.02,9.525452758861956
0.02,0.98,0.0,8.221328089194282
0.04,0.0,0.96,6.789753718930972
0.04,0.02,0.94,4.171291872404645
0.04,0.04,0.92,9.247560713684088
0.04,0.06,0.9,13.253277983055572
0.04,0.08,0.88,15.861557100473172
0.04,0.1,0.86,17.418736091231494
0.04,0.12,0.84,18.250107804081484
0.04,0.14,0.82,18.59287870023512
0.04,0.16,0.8,18.603279965105504
0.04,0.18,0.78,18.37848495643185
0.04,0.2,0.76,17.976977207245728
0.04,0.22,0.74,17.433231673911546
0.04,0.24,0.72,16.767099426393628
0.04,0.26,0.7,15.989541738787315
0.04,0.28,0.68,15.106235306723057
0.04,0.3,0.66,14.120052304224789
0.04,0.32,0.64,13.032953751141457
0.04,0.34,0.62,11.847559646941598
0.04,0.36,0.6,10.568576818618752
0.04,0.38,0.58,9.20436688026295
0.04,0.4,0.56,7.769330814474119
0.04,0.42,0.54,6.289024460738421
0.04,0.44,0.52,4.814354409625921
0.04,0.46,0.5,3.4688607999813157
0.04,0.48,0.48,2.598447683169181
0.04,0.5,0.46,2.7848402825516283
0.04,0.52,0.44,3.898261844265739
0.04,0.54,0.42,5.377567054726638
0.04,0.56,0.4,6.958866368602822
0.04,0.58,0.38,8.537065574446581
0.04,0.6,0.36,10.05634571357187
0.04,0.62,0.34,11.478794821818711
0.04,0.64,0.32,12.775894410486437
0.04,0.66,0.3,13.926867718372769
0.04,0.68,0.28,14.919432092253757
0.04,0.7,0.26,15.751255604327527
0.04,0.72,0.24,16.430958377317737
0.04,0.74,0.22,16.97742398992619
0.04,0.76,0.2,17.41608935866122
0.04,0.78,0.18,17.771253670256147
0.04,0.8,0.16,18.054718513357525
0.04,0.82,0.14,18.25314771187203
0.04,0.84,0.12,18.318212289156858
0.04,0.86,0.1,18.162575958836918
0.04,0.88,0.08,17.657787321111325
0.04,0.9,0.06,16.60919787542961
0.04,0.92,0.04,14.622880889581145
0.04,0.94,0.02,10.601627229372307
0.04,0.96,0.0,3.1268396432730072
0.06,0.0,0.94,7.502977329895438
0.06,0.02,0.92,10.060823656950054
0.06,0.04,0.9,13.58108197000721
0.06,0.06,0.88,16.032746896224378
0.06,0.08,0.86,17.472125012394727
0.06,0.1,0.84,18.16878468611751
0.06,0.12,0.82,18.347404496786808
0.06,0.14,0.8,18.163482577903842
0.06,0.16,0.78,17.720162754555535
0.06,0.18,0.76,17.087244432137236
0.06,0.2,0.74,16.314060055796695
0.06,0.22,0.72,15.436446028408271
0.06,0.24,0.7,14.480063196916538
0.06,0.26,0.68,13.462124444367735
0.06,0.28,0.66,12.392808990098324
0.06,0.3,0.64,11.276925386549037
0.06,0.32,0.62,10.11592730105509
0.06,0.34,0.6,8.910216272544773
0.06,0.36,0.58,7.661783670175723
0.06,0.38,0.56,6.37777346904141
0.06,0.4,0.54,5.077178902417216
0.06,0.42,0.52,3.8087923330215756
0.06,0.44,0.5,2.7119098734104092
0.06,0.46,0.48,2.1800573732761865
0.06,0.48,0.46,2.6490522790591378
0.06,0.5,0.44,3.780131112076082
0.06,0.52,0.42,5.145611455000264
0.06,0.54,0.4,6.573623047848775
0.06,0.56,0.38,7.988802662497322
0.06,0.58,0.36,9.344796784541057
0.06,0.6,0.34,10.606058580665959
0.06,0.62,0.32,11.743614859664932
0.06,0.64,0.3,12.73562278533433
0.06,0.66,0.28,13.57013827881166
0.06,0.68,0.26,14.248961126754192
0.06,0.7,0.24,14.791343764088012
0.06,0.72,0.22,15.235583009540914
0.06,0.74,0.2,15.63555892974485
0.06,0.76,0.18,16.049226451430854
0.06,0.78,0.16,16.518623046229653
0.06,0.8,0.14,17.046581047686345
0.06,0.82,0.12,17.58005458801558
0.06,0.84,0.1,18.0065824996365
0.06,0.86,0.08,18.15528899158848
0.06,0.88,0.06,17.766096729769934
0.06,0.9,0.04,16.335662320200967
0.06,0.92,0.02,12.593239952901339
0.06,0.94,0.0,3.0157056230172588
0.08,0.0,0.92,11.50519533230604
0.08,0.02,0.9,14.14119520644389
0.08,0.04,0.88,16.293687828590596
0.08,0.06,0.86,17.569957438469356
0.08,0.08,0.84,18.119073432769103
0.08,0.1,0.82,18.128582229678585
0.08,0.12,0.8,17.742753607814958
0.08,0.14,0.78,17.06650050722088
0.08,0.16,0.76,16.180703760520316
0.08,0.18,0.74,15.152668142385247
0.08,0.2,0.72,14.040488680859802
0.08,0.22,0.7,12.893639424071724
0.08,0.24,0.68,11.752160228981245
0.08,0.26,0.66,10.646064449824262
0.08,0.28,0.64,9.595872585806294
0.08,0.3,0.62,8.61467180029751
0.08,0.32,0.6,7.711777928619699
0.08,0.34,0.58,6.897859014728787
0.08,0.36,0.56,6.1910929671451
0.08,0.38,0.54,5.62305163799221
0.08,0.4,0.52,5.240577360323937
0.08,0.42,0.5,5.096623739467477
0.08,0.44,0.48,5.226756503147498
0.08,0.46,0.46,5.626352755558549
0.08,0.48,0.44,6.2514880615938715
0.08,0.5,0.42,7.039544228251967
0.08,0.52,0.4,7.927178341541581
0.08,0.54,0.38,8.857130973182231
0.08,0.56,0.36,9.778504642405602
0.08,0.58,0.34,10.645741149667469
0.08,0.6,0.32,11.418735341964508
0.08,0.62,0.3,12.064928836012841
0.08,0.64,0.28,12.5636827967288
0.08,0.66,0.26,12.912914278131531
0.08,0.68,0.24,13.137246896031654
0.08,0.7,0.22,13.295106130839804
0.08,0.72,0.2,13.478848159858112
0.08,0.74,0.18,13.798789557059791
0.08,0.76,0.16,14.345476305923727
0.08,0.78,0.14,15.141333788000217
0.08,0.8,0.12,16.11051931737745
0.08,0.82,0.1,17.085884347935252
0.08,0.84,0.08,17.8370172000416
0.08,0.86,0.06,18.072413190099613
0.08,0.88,0.04,17.333917719517025
0.08,0.9,0.02,14.618761968395145
0.08,0.92,0.0,7.9598430008274645
0.1,0.0,0.9,14.78396514632278
0.1,0.02,0.88,16.59974530369201
0.1,0.04,0.86,17.708253568432443
0.1,0.06,0.84,18.128135087659395
0.1,0.08,0.82,17.99379511683861
0.1,0.1,0.8,17.429604937025843
0.1,0.12,0.78,16.536233574793112
0.1,0.14,0.76,15.401107148578106
0.1,0.16,0.74,14.106835837197568
0.1,0.18,0.72,12.73414470049569
0.1,0.2,0.7,11.361223171278077
0.1,0.22,0.68,10.061557677570452
0.1,0.24,0.66,8.901108809849763
0.1,0.26,0.64,7.934440519199577
0.1,0.28,0.62,7.198975753209373
0.1,0.3,0.6,6.708190974422164
0.1,0.32,0.58,6.448200208395957
0.1,0.34,0.56,6.383159040299727
0.1,0.36,0.54,6.468683164553428
0.1,0.38,0.52,6.665384919165712
0.1,0.4,0.5,6.94587412277535
0.1,0.42,0.48,7.2947373403207605
0.1,0.44,0.46,7.704455261117134
0.1,0.46,0.44,8.170119565940213
0.1,0.48,0.42,8.684669608849859
0.1,0.5,0.4,9.235468904452505
0.1,0.52,0.38,9.802483916860012
0.1,0.54,0.36,10.358018587736558
0.1,0.56,0.34,10.867884194838307
0.1,0.58,0.32,11.294029376107126
0.1,0.6,0.3,11.598951185086992
0.1,0.62,0.28,11.752565844773033
0.1,0.64,0.26,11.742519662286735
0.1,0.66,0.24,11.588821436822462
0.1,0.68,0.22,11.361977983658893
0.1,0.7,0.2,11.197404705491609
0.1,0.72,0.18,11.284745043012245
0.1,0.74,0.16,11.802779655407504
0.1,0.76,0.14,12.813519559367418
0.1,0.78,0.12,14.203137645632514
0.1,0.8,0.1,15.721288190853283
0.1,0.82,0.08,17.059483844439207
0.1,0.84,0.06,17.89243340585257
0.1,0.86,0.04,17.82494547575894
0.1,0.88,0.02,16.149130519003368
0.1,0.9,0.0,11.666553502835887
0.12,0.0,0.88,16.88131835946367
0.12,0.02,0.86,17.871497706458705
0.12,0.04,0.84,18.200765670622257
0.12,0.06,0.82,17.96880537933776
0.12,0.08,0.8,17.275326085952717
0.12,0.1,0.78,16.211309857148763
0.12,0.12,0.76,14.864298165850544
0.12,0.14,0.74,13.32504772417371
0.12,0.16,0.72,11.690115663158592
0.12,0.18,0.7,10.062428205817442
0.12,0.2,0.68,8.552322732119707
0.12,0.22,0.66,7.278421528120984
0.12,0.24,0.64,6.3595367643660685
0.12,0.26,0.62,5.879693879526197
0.12,0.28,0.6,5.832092690458663
0.12,0.3,0.58,6.109273815460631
0.12,0.32,0.56,6.568551747539268
0.12,0.34,0.54,7.095582060222594
0.12,0.36,0.52,7.620892378457021
0.12,0.38,0.5,8.110829021707268
0.12,0.4,0.48,8.555038921530636
0.12,0.42,0.46,8.956801890221433
0.12,0.44,0.44,9.326027627230985
0.12,0.46,0.42,9.673773467166814
0.12,0.48,0.4,10.007596128158042
0.12,0.5,0.38,10.327640976880408
0.12,0.52,0.36,10.623796888883499
0.12,0.54,0.34,10.874430114144827
0.12,0.56,0.32,11.047208701148966
0.12,0.58,0.3,11.102517723613195
0.12,0.6,0.28,11.000175399125162
0.12,0.62,0.26,10.710790812177681
0.12,0.64,0.24,10.234268802298192
0.12,0.66,0.22,9.629173731004192
0.12,0.68,0.2,9.053458775079582
0.12,0.7,0.18,8.790875783025932
0.12,0.72,0.16,9.171971603576496
0.12,0.74,0.14,10.341484469743541
0.12,0.76,0.12,12.122664255113644
0.12,0.78,0.1,14.148934373661236
0.12,0.8,0.08,16.027511391301232
0.12,0.82,0.06,17.40006666519406
0.12,0.84,0.04,17.91672827736815
0.12,0.86,0.02,17.088648807695392
0.12,0.88,0.0,14.180750948392541
0.14,0.0,0.86,18.025476725705737
0.14,0.02,0.84,18.324352965836077
0.14,0.04,0.82,18.047293008890414
0.14,0.06,0.8,17.284474106313812
0.14,0.08,0.78,16.11462318787079
0.14,0.1,0.76,14.620403228640358
0.14,0.12,0.74,12.893461192469708
0.14,0.14,0.72,11.036377649424436
0.14,0.16,0.7,9.164607237901166
0.14,0.18,0.68,7.413979485871512
0.14,0.2,0.66,5.95786989395159
0.14,0.22,0.64,5.0158755253898235
0.14,0.24,0.62,4.763734159937408
0.14,0.26,0.6,5.134015631772609
0.14,0.28,0.58,5.853289846054811
0.14,0.3,0.56,6.678882598951847
0.14,0.32,0.54,7.4745057844661416
0.14,0.34,0.52,8.177332103961408
0.14,0.36,0.5,8.764537271649049
0.14,0.38,0.48,9.235037657147029
0.14,0.4,0.46,9.600087720242415
0.14,0.42,0.44,9.877792231231021
0.14,0.44,0.42,10.089000882368383
0.14,0.46,0.4,10.25335923392481
0.14,0.48,0.38,10.385071188394422
0.14,0.5,0.36,10.488573306100298
0.14,0.52,0.34,10.554881401350297
0.14,0.54,0.32,10.559698855701038
0.14,0.56,0.3,10.464379566826084
0.14,0.58,0.28,10.22071166383086
0.14,0.6,0.26,9.780753204462023
0.14,0.62,0.24,9.114414868235315
0.14,0.64,0.22,8.24152049982542
0.14,0.66,0.2,7.292900894838095
0.14,0.68,0.18,6.608676029814797
0.14,0.7,0.16,6.738324041486802
0.14,0.72,0.14,8.000579017567663
0.14,0.74,0.12,10.11506970742234
0.14,0.76,0.1,12.56389962009524
0.14,0.78,0.08,14.8858577777951
0.14,0.8,0.06,16.703781630123817
0.14,0.82,0.04,17.694567965562346
0.14,0.84,0.02,17.506385920934378
0.14,0.86,0.0,15.715238632387337
0.16,0.0,0.84,18.48253717960029
0.16,0.02,0.82,18.205791342756996
0.16,0.04,0.8,17.427790838505704
0.16,0.06,0.78,16.216887542470506
0.16,0.08,0.76,14.648588746709555
0.16,0.1,0.74,12.811405928406382
0.16,0.12,0.72,10.807642848464956
0.16,0.14,0.7,8.75477406803953
0.16,0.16,0.68,6.796025877707756
0.16,0.18,0.66,5.135606769050558
0.16,0.2,0.64,4.097195018999244
0.16,0.22,0.62,3.9992148525726563
0.16,0.24,0.6,4.687843678897473
0.16,0.26,0.58,5.70145005609226
0.16,0.28,0.56,6.74161363328395
0.16,0.3,0.54,7.678674937840622
0.16,0.32,0.52,8.462349779835625
0.16,0.34,0.5,9.078357006263468
0.16,0.36,0.48,9.531002248103258
0.16,0.38,0.46,9.835669735052528
0.16,0.4,0.44,10.014971178693052
0.16,0.42,0.42,10.096002883967984
0.16,0.44,0.4,10.107410117595288
0.16,0.46,0.38,10.075497504297264
0.16,0.48,0.36,10.01915248119899
0.16,0.5,0.34,9.944120265712577
0.16,0.52,0.32,9.83804302380004
0.16,0.54,0.3,9.668175856657083
0.16,0.56,0.28,9.3834719951234
0.16,0.58,0.26,8.922193529705407
0.16,0.6,0.24,8.226629160654204
0.16,0.62,0.22,7.270203789235231
0.16,0.64,0.2,6.115462934574204
0.16,0.66,0.18,5.056260141832203
0.16,0.68,0.16,4.825844103289488
0.16,0.7,0.14,6.069544333465165
0.16,0.72,0.12,8.393811502215724
0.16,0.74,0.1,11.114345989574021
0.16,0.76,0.08,13.735270693124498
0.16,0.78,0.06,15.877272846965488
0.16,0.8,0.04,17.22830417679493
0.16,0.82,0.02,17.506018245393474
0.16,0.84,0.0,16.49187168656
0.18,0.0,0.82,18.443367566869632
0.18,0.02,0.8,17.668618234141082
0.18,0.04,0.78,16.46384595402434
0.18,0.06,0.76,14.88257441876094
0.18,0.08,0.74,13.007877981502348
0.18,0.1,0.72,10.939739812091036
0.18,0.12,0.7,8.794805373032041
0.18,0.14,0.68,6.716123829725077
0.18,0.16,0.66,4.913720287521083
0.18,0.18,0.64,3.7595459367685238
0.18,0.2,0.62,3.6874402810435103
0.18,0.22,0.6,4.511801836583126
0.18,0.24,0.58,5.653153718241648
0.18,0.26,0.56,6.783376935700701
0.18,0.28,0.54,7.77429620308921
0.18,0.3,0.52,8.578693474645917
0.18,0.32,0.5,9.18374727943653
0.18,0.34,0.48,9.594325399900155
0.18,0.36,0.46,9.826392501448147
0.18,0.38,0.44,9.904082444409266
0.18,0.4,0.42,9.858008490199946
0.18,0.42,0.4,9.723493158331975
0.18,0.44,0.38,9.537650639419455
0.18,0.46,0.36,9.33443274808606
0.18,0.48,0.34,9.137395259554426
0.18,0.5,0.32,8.95134732355927
0.18,0.52,0.3,8.755716281895909
0.18,0.54,0.28,8.503033532881764
0.18,0.56,0.26,8.124675391004034
0.18,0.58,0.24,7.544419074331722
0.18,0.6,0.22,6.701865531243779
0.18,0.62,0.2,5.598307415516909
0.18,0.64,0.18,4.418446690111141
0.18,0.66,0.16,3.8427460924331935
0.18,0.68,0.14,4.837343270719338
0.18,0.7,0.12,7.1174444008405375
0.18,0.72,0.1,9.889402137728943
0.18,0.74,0.08,12.634275309828581
0.18,0.76,0.06,14.968052260579912
0.18,0.78,0.04,16.572091137909627
0.18,0.8,0.02,17.181898853191502
0.18,0.82,0.0,16.69830613391701
0.2,0.0,0.8,18.026006949711952
0.2,0.02,0.78,16.810375973371897
0.2,0.04,0.76,15.248863425178605
0.2,0.06,0.74,13.385547951714667
0.2,0.08,0.72,11.314793192575497
0.2,0.1,0.7,9.151564942736146
0.2,0.12,0.68,7.038494696065375
0.2,0.14,0.66,5.182310822421895
0.2,0.16,0.64,3.943200866436844
0.2,0.18,0.62,3.768757167803815
0.2,0.2,0.6,4.538516272572031
0.2,0.22,0.58,5.6703959094374525
0.2,0.24,0.56,6.805077379593804
0.2,0.26,0.54,7.79715476635122
0.2,0.28,0.52,8.590791889755632
0.2,0.3,0.5,9.168105939631957
0.2,0.32,0.48,9.530569285732279
0.2,0.34,0.46,9.691868286922373
0.2,0.36,0.44,9.675103054131213
0.2,0.38,0.42,9.511766014386748
0.2,0.4,0.4,9.241178713984938
0.2,0.42,0.38,8.909170779451147
0.2,0.44,0.36,8.564475997342718
0.2,0.46,0.34,8.251259701308479
0.2,0.48,0.32,7.997469676948193
0.2,0.5,0.3,7.802028167093997
0.2,0.52,0.28,7.627312606414425
0.2,0.54,0.26,7.402649393778817
0.2,0.56,0.24,7.0394983882046835
0.2,0.58,0.22,6.456500015381847
0.2,0.6,0.2,5.619913483719952
0.2,0.62,0.18,4.6322485725550875
0.2,0.64,0.16,3.954048889481823
0.2,0.66,0.14,4.4728453234729395
0.2,0.68,0.12,6.350288485124204
0.2,0.7,0.1,8.9151302881401
0.2,0.72,0.08,11.60451583023566
0.2,0.74,0.06,14.003474209122368
0.2,0.76,0.04,15.766520980137821
0.2,0.78,0.02,16.609458303853447
0.2,0.8,0.0,16.481117087571818
0.22,0.0,0.78,17.302877350839935
0.22,0.02,0.76,15.702755522758839
0.22,0.04,0.74,13.863384635504667
0.22,0.06,0.72,11.8192586522886
0.22,0.08,0.7,9.676914121727847
0.22,0.1,0.68,7.574507853143023
0.22,0.12,0.66,5.708592253324421
0.22,0.14,0.64,4.400587170650975
0.22,0.16,0.62,4.055428842695977
0.22,0.18,0.6,4.655036956365111
0.22,0.2,0.58,5.694128318925959
0.22,0.22,0.56,6.785909241827869
0.22,0.24,0.54,7.754989884380407
0.22,0.26,0.52,8.528795221450439
0.22,0.28,0.5,9.07994156498581
0.22,0.3,0.48,9.403848122390682
0.22,0.32,0.46,9.50995849450506
0.22,0.34,0.44,9.418411249807018
0.22,0.36,0.42,9.159238461886474
0.22,0.38,0.4,8.77279736656187
0.22,0.4,0.38,8.310354503739447
0.22,0.42,0.36,7.8330930555173515
0.22,0.44,0.34,7.4065723839958375
0.22,0.46,0.32,7.087238081235386
0.22,0.48,0.3,6.901482534792591
0.22,0.5,0.28,6.82717073860915
0.22,0.52,0.26,6.792264141657769
0.22,0.54,0.24,6.694344876222984
0.22,0.56,0.22,6.431995793060814
0.22,0.58,0.2,5.943665212419243
0.22,0.6,0.18,5.269904965780512
0.22,0.62,0.16,4.678255443541979
0.22,0.64,0.14,4.7746645028131045
0.22,0.66,0.12,6.028413612649697
0.22,0.68,0.1,8.164405094223593
0.22,0.7,0.08,10.64173290491049
0.22,0.72,0.06,12.997533756357576
0.22,0.74,0.04,14.842343482800876
0.22,0.76,0.02,15.846949007209247
0.22,0.78,0.0,15.95133272052258
0.24,0.0,0.76,16.32522404389317
0.24,0.02,0.74,14.407549736225347
0.24,0.04,0.72,12.379869385443053
0.24,0.06,0.7,10.263977477383035
0.24,0.08,0.68,8.181022553139378
0.24,0.1,0.66,6.308017095540652
0.24,0.12,0.64,4.921768128245585
0.24,0.14,0.62,4.3800682961763835
0.24,0.16,0.6,4.7605489093129005
0.24,0.18,0.58,5.666157747584458
0.24,0.2,0.56,6.695169664862283
0.24,0.22,0.54,7.637091273764109
0.24,0.24,0.52,8.397757273718982
0.24,0.26,0.5,8.937495580400814
0.24,0.28,0.48,9.24406655047157
0.24,0.3,0.46,9.321560299869557
0.24,0.32,0.44,9.186048653802747
0.24,0.34,0.42,8.864545683347385
0.24,0.36,0.4,8.395962398643096
0.24,0.38,0.38,7.833301088489103
0.24,0.4,0.36,7.245773995824312
0.24,0.42,0.34,6.717363273905655
0.24,0.44,0.32,6.334726818820177
0.24,0.46,0.3,6.158063524459465
0.24,0.48,0.28,6.185250293004869
0.24,0.5,0.26,6.340514836615587
0.24,0.52,0.24,6.501738051500218
0.24,0.54,0.22,6.543374409780144
0.24,0.56,0.2,6.375272194609398
0.24,0.58,0.18,5.985833723748076
0.24,0.6,0.16,5.514473766260532
0.24,0.62,0.14,5.345944750455276
0.24,0.64,0.12,5.994093783450961
0.24,0.66,0.1,7.579519139616736
0.24,0.68,0.08,9.728873067585866
0.24,0.7,0.06,11.957417117957563
0.24,0.72,0.04,13.82413556591121
0.24,0.74,0.02,14.939678147183571
0.24,0.76,0.0,15.192542026730726
0.26,0.0,0.74,15.138271095972934
0.26,0.02,0.72,12.982906063082442
0.26,0.04,0.7,10.862561525408138
0.26,0.06,0.68,8.78391082469285
0.26,0.08,0.66,6.888834609105059
0.26,0.1,0.64,5.407375405216346
0.26,0.12,0.62,4.655826577438919
0.26,0.14,0.6,4.793009893593525
0.26,0.16,0.58,5.542730491145854
0.26,0.18,0.56,6.502528348035114
0.26,0.2,0.54,7.423980344813519
0.26,0.22,0.52,8.187270565737759
0.26,0.24,0.5,8.73815580420899
0.26,0.26,0.48,9.05559976451683
0.26,0.28,0.46,9.137773408135791
0.26,0.3,0.44,8.996310512868252
0.26,0.32,0.42,8.654655663756976
0.26,0.34,0.4,8.149017709888243
0.26,0.36,0.38,7.531432858713207
0.26,0.38,0.36,6.874292266023949
0.26,0.4,0.34,6.2734112997895854
0.26,0.42,0.32,5.840310619460801
0.26,0.44,0.3,5.668377536392721
0.26,0.46,0.28,5.777336530379928
0.26,0.48,0.26,6.087338234225413
0.26,0.5,0.24,6.455872319073446
0.26,0.52,0.22,6.7350349738648125
0.26,0.54,0.2,6.810556217608639
0.26,0.56,0.18,6.631688475712413
0.26,0.58,0.16,6.256614530272285
0.26,0.6,0.14,5.926252497154069
0.26,0.62,0.12,6.086062735771281
0.26,0.64,0.1,7.097974544898486
0.26,0.66,0.08,8.847206665789153
0.26,0.68,0.06,10.888475311902116
0.26,0.7,0.04,12.733031677304922
0.26,0.72,0.02,13.923779007356897
0.26,0.74,0.0,14.268022403335767
0.28,0.0,0.72,13.788194307428363
0.28,0.02,0.7,11.48438286091297
0.28,0.04,0.68,9.366126704375404
0.28,0.06,0.66,7.425854302065712
0.28,0.08,0.64,5.834110736488253
0.28,0.1,0.62,4.861955100027347
0.28,0.12,0.6,4.731289424584748
0.28,0.14,0.58,5.300197141089797
0.28,0.16,0.56,6.184619085992068
0.28,0.18,0.54,7.094754565634776
0.28,0.2,0.52,7.8794830441132895
0.28,0.22,0.5,8.466979772933087
0.28,0.24,0.48,8.826054074178135
0.28,0.26,0.46,8.948451124557607
0.28,0.28,0.44,8.841318980499166
0.28,0.3,0.42,8.524665168522267
0.28,0.32,0.4,8.03191705522541
0.28,0.34,0.38,7.41310401736932
0.28,0.36,0.36,6.740420161000208
0.28,0.38,0.34,6.113992887728762
0.28,0.4,0.32,5.658301713744875
0.28,0.42,0.3,5.488567821211393
0.28,0.44,0.28,5.643448562440982
0.28,0.46,0.26,6.045765757079783
0.28,0.48,0.24,6.543028392544302
0.28,0.5,0.22,6.9739449983020565
0.28,0.52,0.2,7.207568704204761
0.28,0.54,0.18,7.16524810364981
0.28,0.56,0.16,6.851356596527268
0.28,0.58,0.14,6.410876538069023
0.28,0.6,0.12,6.196325141353385
0.28,0.62,0.1,6.670521000028886
0.28,0.64,0.08,7.983245420623826
0.28,0.66,0.06,9.797120052212446
0.28,0.68,0.04,11.588324946353929
0.28,0.7,0.02,12.828860160501428
0.28,0.72,0.0,13.226074231845695
0.3,0.0,0.7,12.323818876307058
0.3,0.02,0.68,9.963928042527348
0.3,0.04,0.66,7.93473087373287
0.3,0.06,0.64,6.2195962981731165
0.3,0.08,0.62,5.0208868910903615
0.3,0.1,0.6,4.591675306326311
0.3,0.12,0.58,4.9380934685626725
0.3,0.14,0.56,5.7293338035713886
0.3,0.16,0.54,6.632158820418481
0.3,0.18,0.52,7.455001541105908
0.3,0.2,0.5,8.103455660645775
0.3,0.22,0.48,8.533897079328392
0.3,0.24,0.46,8.730676436770821
0.3,0.26,0.44,8.69619728585124
0.3,0.28,0.42,8.447194268802761
0.3,0.3,0.4,8.014616729494179
0.3,0.32,0.38,7.446369854835005
0.3,0.34,0.36,6.812631167231071
0.3,0.36,0.34,6.211811798614673
0.3,0.38,0.32,5.76840374826015
0.3,0.4,0.3,5.60269718082374
0.3,0.42,0.28,5.7653315374869765
0.3,0.44,0.26,6.192377920420788
0.3,0.46,0.24,6.7379291678634115
0.3,0.48,0.22,7.2388328461064555
0.3,0.5,0.2,7.554436820242639
0.3,0.52,0.18,7.58606370433134
0.3,0.54,0.16,7.300186465613104
0.3,0.56,0.14,6.774081610385734
0.3,0.58,0.12,6.271973187726189
0.3,0.6,0.1,6.2676779593222625
0.3,0.62,0.08,7.131531661603369
0.3,0.64,0.06,8.691910084511923
0.3,0.66,0.04,10.408135716136657
0.3,0.68,0.02,11.67965029268778
0.3,0.7,0.0,12.103760660087243
0.32,0.0,0.68,10.79554996670642
0.32,0.02,0.66,8.468415838965102
0.32,0.04,0.64,6.601961250132604
0.32,0.06,0.62,5.17962716372848
0.32,0.08,0.6,4.424867674261179
0.32,0.1,0.58,4.4839853596340395
0.32,0.12,0.56,5.1402089382485
0.32,0.14,0.54,6.026560870934027
0.32,0.16,0.52,6.8971784336931945
0.32,0.18,0.5,7.6264514134308365
0.32,0.2,0.48,8.15432277470629
0.32,0.22,0.46,8.455834511501788
0.32,0.24,0.44,8.52773027539015
0.32,0.26,0.42,8.38311225833376
0.32,0.28,0.4,8.050351772126996
0.32,0.3,0.38,7.5749601502092165
0.32,0.32,0.36,7.0237808325072475
0.32,0.34,0.34,6.48944618538229
0.32,0.36,0.32,6.08757546124913
0.32,0.38,0.3,5.931011822710388
0.32,0.4,0.28,6.075267752031389
0.32,0.42,0.26,6.475869893705783
0.32,0.44,0.24,7.006553901194655
0.32,0.46,0.22,7.512627479064014
0.32,0.48,0.2,7.850219415008764
0.32,0.5,0.18,7.906870889792271
0.32,0.52,0.16,7.621603020555353
0.32,0.54,0.14,7.022057505380027
0.32,0.56,0.12,6.2961504742197185
0.32,0.58,0.1,5.877951102090232
0.32,0.6,0.08,6.294671197624663
0.32,0.62,0.06,7.583457323074683
0.32,0.64,0.04,9.209475965838877
0.32,0.66,0.02,10.49694147880647
0.32,0.68,0.0,10.929490970295006
0.34,0.0,0.66,9.253156598471438
0.34,0.02,0.64,7.0383850074423515
0.34,0.04,0.62,5.391424855216964
0.34,0.06,0.6,4.307688170681667
0.34,0.08,0.58,4.001617415369241
0.34,0.1,0.56,4.443558093024597
0.34,0.12,0.54,5.2804066833535135
0.34,0.14,0.52,6.195754122659988
0.34,0.16,0.5,7.017907582980839
0.34,0.18,0.48,7.663442751976908
0.34,0.2,0.46,8.09471912660657
0.34,0.22,0.44,8.30093951260822
0.34,0.24,0.42,8.290417247091156
0.34,0.26,0.4,8.088127446071447
0.34,0.28,0.38,7.736358234262649
0.34,0.3,0.36,7.297326551381569
0.34,0.32,0.34,6.855572656527131
0.34,0.34,0.32,6.514077182534591
0.34,0.36,0.3,6.37319418956445
0.34,0.38,0.28,6.4887327240227854
0.34,0.4,0.26,6.835387044715002
0.34,0.42,0.24,7.311833212208448
0.34,0.44,0.22,7.778937927938504
0.34,0.46,0.2,8.095701921318637
0.34,0.48,0.18,8.141707862893615
0.34,0.5,0.16,7.836583068965499
0.34,0.52,0.14,7.171289371825483
0.34,0.54,0.12,6.270490968852445
0.34,0.56,0.1,5.502528605781748
0.34,0.58,0.08,5.48218816496107
0.34,0.6,0.06,6.483805841963361
0.34,0.62,0.04,8.008021642443103
0.34,0.64,0.02,9.298113359558766
0.34,0.66,0.0,9.724842842162182
0.36,0.0,0.64,7.7432800622088305
0.36,0.02,0.62,5.707101528966039
0.36,0.04,0.6,4.31774640917536
0.36,0.06,0.58,3.595990017142862
0.36,0.08,0.56,3.701466310783076
0.36,0.1,0.54,4.415186276645451
0.36,0.12,0.52,5.351030855041953
0.36,0.14,0.5,6.266127935880454
0.36,0.16,0.48,7.041417252407632
0.36,0.18,0.46,7.620950352196161
0.36,0.2,0.44,7.983257890653089
0.36,0.22,0.42,8.129813408000176
0.36,0.24,0.4,8.080682505064217
0.36,0.26,0.38,7.873665390475438
0.36,0.28,0.36,7.565206186532553
0.36,0.3,0.34,7.230873579533505
0.36,0.32,0.32,6.960768549902167
0.36,0.34,0.3,6.842655306645852
0.36,0.36,0.28,6.930587193118871
0.36,0.38,0.26,7.2148703790272215
0.36,0.4,0.24,7.618457310556135
0.36,0.42,0.22,8.021130600081992
0.36,0.44,0.2,8.289724010858395
0.36,0.46,0.18,8.30127615509844
0.36,0.48,0.16,7.962852725874728
0.36,0.5,0.14,7.238958180958431
0.36,0.52,0.12,6.203685897290311
0.36,0.54,0.1,5.149555867653001
0.36,0.56,0.08,4.7094249677906355
0.36,0.58,0.06,5.405823283711499
0.36,0.6,0.04,6.817831572336146
0.36,0.62,0.02,8.097450524046206
0.36,0.64,0.0,8.505912031519365
0.38,0.0,0.62,6.307052187823098
0.38,0.02,0.6,4.499861827315908
0.38,0.04,0.58,3.3878434917832796
0.38,0.06,0.56,3.03121432338898
0.38,0.08,0.54,3.48441451400647
0.38,0.1,0.52,4.380083671834215
0.38,0.12,0.5,5.369638961500468
0.38,0.14,0.48,6.275367129688954
0.38,0.16,0.46,7.013475124828293
0.38,0.18,0.44,7.5469750611395625
0.38,0.2,0.42,7.867440276681218
0.38,0.22,0.4,7.987871672813997
0.38,0.24,0.38,7.940033095072088
0.38,0.26,0.36,7.773664827565288
0.38,0.28,0.34,7.555391814315672
0.38,0.3,0.32,7.363806333110188
0.38,0.32,0.3,7.27593614869806
0.38,0.34,0.28,7.343563038261039
0.38,0.36,0.26,7.568727867411196
0.38,0.38,0.24,7.8953398307167655
0.38,0.4,0.22,8.22252493676338
0.38,0.42,0.2,8.428240797551302
0.38,0.44,0.18,8.391573711357738
0.38,0.46,0.16,8.012913933624887
0.38,0.48,0.14,7.238855263671113
0.38,0.5,0.12,6.105004136211013
0.38,0.52,0.1,4.829235052833907
0.38,0.54,0.08,3.997255647501053
0.38,0.56,0.06,4.363100456900435
0.38,0.58,0.04,5.651188191510543
0.38,0.6,0.02,6.90640596061984
0.38,0.62,0.0,7.2843919464145666
0.4,0.0,0.6,4.977961878063054
0.4,0.02,0.58,3.4334542838026474
0.4,0.04,0.56,2.602744772935978
0.4,0.06,0.54,2.5992768255507985
0.4,0.08,0.52,3.3277647325463144
0.4,0.1,0.5,4.342773020838053
0.4,0.12,0.48,5.362970876899162
0.4,0.14,0.46,6.259066125513515
0.4,0.16,0.44,6.9709931215981875
0.4,0.18,0.42,7.476069124187002
0.4,0.2,0.4,7.777342497665089
0.4,0.22,0.38,7.8986625195186715
0.4,0.24,0.36,7.882176335341243
0.4,0.26,0.34,7.785908792136625
0.4,0.28,0.32,7.678662756253917
0.4,0.3,0.3,7.6288983019383405
0.4,0.32,0.28,7.686332304652019
0.4,0.34,0.26,7.861701875756321
0.4,0.36,0.24,8.116115167017986
0.4,0.38,0.22,8.366811253623899
0.4,0.4,0.2,8.504563252000164
0.4,0.42,0.18,8.414013683682795
0.4,0.44,0.16,7.993822725140465
0.4,0.46,0.14,7.179985282249112
0.4,0.48,0.12,5.9810612022812215
0.4,0.5,0.1,4.550051784328948
0.4,0.52,0.08,3.372871050209017
0.4,0.54,0.06,3.3711867551609656
0.4,0.56,0.04,4.518748358694432
0.4,0.58,0.02,5.733946768240658
0.4,0.6,0.0,6.068553472596646
0.42,0.0,0.58,3.780123577176784
0.42,0.02,0.56,2.5159812068314946
0.42,0.04,0.54,1.9610108673329971
0.42,0.06,0.52,2.2899271953087434
0.42,0.08,0.5,3.2249003661159925
0.42,0.1,0.48,4.317780158491925
0.42,0.12,0.46,5.3557529267011414
0.42,0.14,0.44,6.242920161149915
0.42,0.16,0.42,6.9360777390342285
0.42,0.18,0.4,7.424415574135144
0.42,0.2,0.38,7.721420595119719
0.42,0.22,0.36,7.860478815786521
0.42,0.24,0.34,7.89117855262386
0.42,0.26,0.32,7.873946398895934
0.42,0.28,0.3,7.870498198315692
0.42,0.3,0.28,7.9289338485942364
0.42,0.32,0.26,8.066604123937376
0.42,0.34,0.24,8.258574424932553
0.42,0.36,0.22,8.438331341034697
0.42,0.38,0.2,8.509980036161252
0.42,0.4,0.18,8.366154902468391
0.42,0.42,0.16,7.907790860312016
0.42,0.44,0.14,7.06654805006262
0.42,0.46,0.12,5.8346375711240075
0.42,0.48,0.1,4.316236894730586
0.42,0.5,0.08,2.8706875567755903
0.42,0.52,0.06,2.452724923824818
0.42,0.54,0.04,3.4304554234495717
0.42,0.56,0.02,4.587203806798622
0.42,0.58,0.0,4.864369208548228
0.44,0.0,0.56,2.727696576984165
0.44,0.02,0.54,1.7484341902490486
0.44,0.04,0.52,1.4663602709114403
0.44,0.06,0.5,2.0987905509639573
0.44,0.08,0.48,3.177979304922975
0.44,0.1,0.46,4.318339592330481
0.44,0.12,0.44,5.362524584968231
0.44,0.14,0.42,6.237289585056444
0.44,0.16,0.4,6.912507936857755
0.44,0.18,0.38,7.387883601151046
0.44,0.2,0.36,7.686202914887338
0.44,0.22,0.34,7.848207982952936
0.44,0.24,0.32,7.926726430173198
0.44,0.26,0.3,7.977970714687264
0.44,0.28,0.28,8.04883809839057
0.44,0.3,0.26,8.161933040568597
0.44,0.32,0.24,8.303774592417009
0.44,0.34,0.22,8.422188675397333
0.44,0.36,0.2,8.43441460470141
0.44,0.38,0.18,8.242618813409315
0.44,0.4,0.16,7.753141732327005
0.44,0.42,0.14,6.898636211900979
0.44,0.44,0.12,5.664794443458899
0.44,0.46,0.1,4.1266784940190835
0.44,0.48,0.08,2.529168513171945
0.44,0.5,0.06,1.6570573313109662
0.44,0.52,0.04,2.399042615163523
0.44,0.54,0.02,3.473079639948348
0.44,0.56,0.0,3.677445081594375
0.46,0.0,0.54,1.8290669756909899
0.46,0.02,0.52,1.1346694174802814
0.46,0.04,0.5,1.1425983289528168
0.46,0.06,0.48,2.0241183559555207
0.46,0.08,0.46,3.188480015281706
0.46,0.1,0.44,4.348084569715973
0.46,0.12,0.42,5.382831749157452
0.46,0.14,0.4,6.235118073146258
0.46,0.16,0.38,6.8857939259465
0.46,0.18,0.36,7.344031671385353
0.46,0.2,0.34,7.640365896930411
0.46,0.22,0.32,7.819936289471083
0.46,0.24,0.3,7.933988516157361
0.46,0.26,0.28,8.0284112818096
0.46,0.28,0.26,8.130135963936759
0.46,0.3,0.24,8.235279832151408
0.46,0.32,0.22,8.304312383243925
0.46,0.34,0.2,8.267040957138159
0.46,0.36,0.18,8.036030954261546
0.46,0.38,0.16,7.525405092152385
0.46,0.4,0.14,6.673314375333548
0.46,0.42,0.12,5.467829324751671
0.46,0.44,0.1,3.9755081148900224
0.46,0.46,0.08,2.3760727399126784
0.46,0.48,0.06,1.1337181279871655
0.46,0.5,0.04,1.4568548616297037
0.46,0.52,0.02,2.4036243801251858
0.46,0.54,0.0,2.5186319915321618
0.48,0.0,0.52,1.11506088148244
0.48,0.02,0.5,0.7302984530277257
0.48,0.04,0.48,1.0398294260230763
0.48,0.06,0.46,2.0594130828787987
0.48,0.08,0.44,3.2499007046732107
0.48,0.1,0.42,4.397262318802272
0.48,0.12,0.4,5.40076451380178
0.48,0.14,0.38,6.213858324430018
0.48,0.16,0.36,6.826964250010521
0.48,0.18,0.34,7.257544385553066
0.48,0.2,0.32,7.541793364934883
0.48,0.22,0.3,7.725663038608534
0.48,0.24,0.28,7.8538279664927115
0.48,0.26,0.26,7.956781079448427
0.48,0.28,0.24,8.038837240122943
0.48,0.3,0.22,8.071677966240008
0.48,0.32,0.2,7.996950629164117
0.48,0.34,0.18,7.7380072834334985
0.48,0.36,0.16,7.218519193721098
0.48,0.38,0.14,6.385970586960518
0.48,0.4,0.12,5.23884520651384
0.48,0.42,0.1,3.8543352297019218
0.48,0.44,0.08,2.40614742507347
0.48,0.46,0.06,1.1682928059778377
0.48,0.48,0.04,0.7797706363622566
0.48,0.5,0.02,1.4229698402755955
0.48,0.52,0.0,1.4333189951499399
0.5,0.0,0.5,0.7796400693135194
0.5,0.02,0.48,0.7274094706884326
0.5,0.04,0.46,1.1763678065411671
0.5,0.06,0.44,2.1893701913201746
0.5,0.08,0.42,3.346166002054718
0.5,0.1,0.4,4.444365672287693
0.5,0.12,0.38,5.38882118856133
0.5,0.14,0.36,6.140796575721716
0.5,0.16,0.34,6.698959772065795
0.5,0.18,0.32,7.087478858175444
0.5,0.2,0.3,7.345475629871639
0.5,0.22,0.28,7.515548908855901
0.5,0.24,0.26,7.630874919695802
0.5,0.26,0.24,7.702794918620789
0.5,0.28,0.22,7.712975934180718
0.5,0.3,0.2,7.614105880917772
0.5,0.32,0.18,7.34037004772703
0.5,0.34,0.16,6.826289963563594
0.5,0.36,0.14,6.032053230151569
0.5,0.38,0.12,4.9739654136553595
0.5,0.4,0.1,3.7557889538736675
0.5,0.42,0.08,2.5794409688044126
0.5,0.44,0.06,1.6554443396957865
0.5,0.46,0.04,0.9876195064594332
0.5,0.48,0.02,0.8143744525163632
0.5,0.5,0.0,0.7804298109021442
0.52,0.0,0.48,1.1009877587609227
0.52,0.02,0.46,1.1119473908125044
0.52,0.04,0.44,1.4964634490451694
0.52,0.06,0.42,2.3946482000829254
0.52,0.08,0.4,3.4563708299528657
0.52,0.1,0.38,4.4623451466831865
0.52,0.12,0.36,5.314891188219096
0.52,0.14,0.34,5.980435343526589
0.52,0.16,0.32,6.464236878180119
0.52,0.18,0.3,6.794916535909804
0.52,0.2,0.28,7.010959923625347
0.52,0.22,0.26,7.146864360101238
0.52,0.24,0.24,7.219784609636757
0.52,0.26,0.22,7.220219248213979
0.52,0.28,0.2,7.111026022253456
0.52,0.3,0.18,6.837007093808848
0.52,0.32,0.16,6.344514156525259
0.52,0.34,0.14,5.609618580664259
0.52,0.36,0.12,4.673586183439742
0.52,0.38,0.1,3.6779412235486557
0.52,0.4,0.08,2.8481312575080633
0.52,0.42,0.06,2.2842069063788135
0.52,0.44,0.04,1.7422781817105206
0.52,0.46,0.02,1.2620481376066697
0.52,0.48,0.0,1.4117255308651848
0.54,0.0,0.46,1.7739207274333102
0.54,0.02,0.44,1.6822641882745004
0.54,0.04,0.42,1.9448877356057808
0.54,0.06,0.4,2.6615448374035178
0.54,0.08,0.38,3.5638066879510655
0.54,0.1,0.36,4.427883542689618
0.54,0.12,0.34,5.151298640277724
0.54,0.14,0.32,5.703216344329503
0.54,0.16,0.3,6.093143113607476
0.54,0.18,0.28,6.350887160728626
0.54,0.2,0.26,6.509684018113567
0.54,0.22,0.24,6.590814964035224
0.54,0.24,0.22,6.592296263459108
0.54,0.26,0.2,6.486125321973209
0.54,0.28,0.18,6.2272587150823115
0.54,0.3,0.16,5.774680537584576
0.54,0.32,0.14,5.123687309021319
0.54,0.34,0.12,4.347587838912871
0.54,0.36,0.1,3.629269475141069
0.54,0.38,0.08,3.180263532678922
0.54,0.4,0.06,2.9454045193178766
0.54,0.42,0.04,2.5823891990400245
0.54,0.44,0.02,2.184263393725334
0.54,0.46,0.0,2.4960176782360834
0.56,0.0,0.44,2.606566177686116
0.56,0.02,0.42,2.381721995959652
0.56,0.04,0.4,2.5015040823175347
0.56,0.06,0.38,2.9901949472530176
0.56,0.08,0.36,3.6672123511960812
0.56,0.1,0.34,4.333461391424286
0.56,0.12,0.32,4.886511462679201
0.56,0.14,0.3,5.296648723507521
0.56,0.16,0.28,5.574452692158171
0.56,0.18,0.26,5.746322223254536
0.56,0.2,0.24,5.834590977645155
0.56,0.22,0.22,5.842856066621522
0.56,0.24,0.2,5.7508397998114615
0.56,0.26,0.18,5.5228779456116035
0.56,0.28,0.16,5.131345625464047
0.56,0.3,0.14,4.594575632016353
0.56,0.32,0.12,4.024008182376251
0.56,0.34,0.1,3.6334437369913313
0.56,0.36,0.08,3.565498726851802
0.56,0.38,0.06,3.618090232018093
0.56,0.4,0.04,3.441395556787019
0.56,0.42,0.02,3.1973665038165344
0.56,0.44,0.0,3.6581228394349874
0.58,0.0,0.42,3.5731091830203434
0.58,0.02,0.4,3.20683383925475
0.58,0.04,0.38,3.1673840945377916
0.58,0.06,0.36,3.398550444587016
0.58,0.08,0.34,3.792850248591948
0.58,0.1,0.32,4.203683490806016
0.58,0.12,0.3,4.542649971119069
0.58,0.14,0.28,4.782808523043717
0.58,0.16,0.26,4.932571741248594
0.58,0.18,0.24,5.009248718678021
0.58,0.2,0.22,5.018628431010372
0.58,0.22,0.2,4.9459380849567856
0.58,0.24,0.18,4.763593282029953
0.58,0.26,0.16,4.458030079332808
0.58,0.28,0.14,4.074335344589343
0.58,0.3,0.12,3.7619726947858814
0.58,0.32,0.1,3.7315766173378178
0.58,0.34,0.08,4.0114480023754835
0.58,0.36,0.06,4.308133110679023
0.58,0.38,0.04,4.316277569400803
0.58,0.4,0.02,4.2481022328163505
0.58,0.42,0.0,4.851592217427259
0.6,0.0,0.4,4.670952459652255
0.6,0.02,0.38,4.15995566419849
0.6,0.04,0.36,3.9524836140014616
0.6,0.06,0.34,3.9206583718599037
0.6,0.08,0.32,4.002988768523794
0.6,0.1,0.3,4.115679346913182
0.6,0.12,0.28,4.203396163452532
0.6,0.14,0.26,4.250185534774362
0.6,0.16,0.24,4.261842070513185
0.6,0.18,0.22,4.242321376784062
0.6,0.2,0.2,4.179668797935055
0.6,0.22,0.18,4.052413868929626
0.6,0.24,0.16,3.8605311953818116
0.6,0.26,0.14,3.674615688767347
0.6,0.28,0.12,3.662159204897846
0.6,0.3,0.1,3.977332595153545
0.6,0.32,0.08,4.5377550253842855
0.6,0.34,0.06,5.031898889201926
0.6,0.36,0.04,5.216654813004155
0.6,0.38,0.02,5.329680849201431
0.6,0.4,0.0,6.06614801560673
0.62,0.0,0.38,5.892867472104241
0.62,0.02,0.36,5.240125065297303
0.62,0.04,0.34,4.8689099929707265
0.62,0.06,0.32,4.597981394231741
0.62,0.08,0.3,4.3887742378595265
0.62,0.1,0.28,4.208722335319208
0.62,0.12,0.26,4.044254073428913
0.62,0.14,0.24,3.900940189008257
0.62,0.16,0.22,3.7870665392551732
0.62,0.18,0.2,3.6972173284879477
0.62,0.2,0.18,3.6162080914973878
0.62,0.22,0.16,3.5523660956713523
0.62,0.24,0.14,3.583021582897225
0.62,0.26,0.12,3.848764083645726
0.62,0.28,0.1,4.422305821189187
0.62,0.3,0.08,5.169633712910976
0.62,0.32,0.06,5.810057256226938
0.62,0.34,0.04,6.155306600303042
0.62,0.36,0.02,6.443374253073057
0.62,0.38,0.0,7.296814270765536
0.64,0.0,0.36,7.223014448089813
0.64,0.02,0.34,6.44119287397947
0.64,0.04,0.32,5.925854511465745
0.64,0.06,0.3,5.465726730089972
0.64,0.08,0.28,5.036947153593021
0.64,0.1,0.26,4.64148926339683
0.64,0.12,0.24,4.298921422190851
0.64,0.14,0.22,4.034758694466957
0.64,0.16,0.2,3.8631351881990574
0.64,0.18,0.18,3.782980851647225
0.64,0.2,0.16,3.8036508964131825
0.64,0.22,0.14,3.981277596623218
0.64,0.24,0.12,4.405220349048004
0.64,0.26,0.1,5.098864836518421
0.64,0.28,0.08,5.931215579763177
0.64,0.3,0.06,6.663345386506579
0.64,0.32,0.04,7.144355299654513
0.64,0.34,0.02,7.5906309649327035
0.64,0.36,0.0,8.537878163746665
0.66,0.0,0.34,8.63728757810835
0.66,0.02,0.32,7.750703040553851
0.66,0.04,0.3,7.124692208404933
0.66,0.06,0.28,6.5400665195864915
0.66,0.08,0.26,5.98830593589373
0.66,0.1,0.24,5.494308084757748
0.66,0.12,0.22,5.094506148308549
0.66,0.14,0.2,4.819239767516861
0.66,0.16,0.18,4.682768751908812
0.66,0.18,0.16,4.695860751148778
0.66,0.2,0.14,4.8927901994523175
0.66,0.22,0.12,5.328393241252967
0.66,0.24,0.1,6.012863105708704
0.66,0.26,0.08,6.839487661362474
0.66,0.28,0.06,7.608522194821601
0.66,0.3,0.04,8.19241290226285
0.66,0.32,0.02,8.769955421312217
0.66,0.34,0.0,9.780685965614015
0.68,0.0,0.32,10.104236490701078
0.68,0.02,0.3,9.148381677102723
0.68,0.04,0.28,8.45442860021209
0.68,0.06,0.26,7.811238312378483
0.68,0.08,0.24,7.2237878552924855
0.68,0.1,0.22,6.727107252138877
0.68,0.12,0.2,6.357054374393512
0.68,0.14,0.18,6.136212287515216
0.68,0.16,0.16,6.077913022349912
0.68,0.18,0.14,6.205561091326537
0.68,0.2,0.12,6.557818136461718
0.68,0.22,0.1,7.147603360433324
0.68,0.24,0.08,7.89965992439623
0.68,0.26,0.06,8.6543861798469
0.68,0.28,0.04,9.301872345633626
0.68,0.3,0.02,9.974847387920487
0.68,0.32,0.0,11.012337451572373
0.7,0.0,0.3,11.585899342181241
0.7,0.02,0.28,10.604480685518357
0.7,0.04,0.26,9.888320812984588
0.7,0.06,0.24,9.242925503953629
0.7,0.08,0.22,8.679817774518556
0.7,0.1,0.2,8.23129870357597
0.7,0.12,0.18,7.923033565057538
0.7,0.14,0.16,7.770592537923079
0.7,0.16,0.14,7.792463834143707
0.7,0.18,0.12,8.019229417014426
0.7,0.2,0.1,8.470150556144096
0.7,0.22,0.08,9.102146737455449
0.7,0.24,0.06,9.798153574954096
0.7,0.26,0.04,10.466277626376101
0.7,0.28,0.02,11.192053177950132
0.7,0.3,0.0,12.214649892052254
0.72,0.0,0.28,13.038671942303877
0.72,0.02,0.26,12.078660726865138
0.72,0.04,0.24,11.382552870464664
0.72,0.06,0.22,10.775738576506333
0.72,0.08,0.2,10.268528372880327
0.72,0.1,0.18,9.883715888472235
0.72,0.12,0.16,9.637978298984425
0.72,0.14,0.14,9.547539813226532
0.72,0.16,0.12,9.638126123351597
0.72,0.18,0.1,9.934184674675468
0.72,0.2,0.08,10.420710393157266
0.72,0.22,0.06,11.022462181810853
0.72,0.24,0.04,11.667877526306663
0.72,0.26,0.02,12.39996359659575
0.72,0.28,0.0,13.36319489961458
0.74,0.0,0.26,14.41449314217585
0.74,0.02,0.24,13.520113431759528
0.74,0.04,0.22,12.877502522132506
0.74,0.06,0.2,12.333025657921205
0.74,0.08,0.18,11.891546663501849
0.74,0.1,0.16,11.567202829584174
0.74,0.12,0.14,11.374674237630764
0.74,0.14,0.12,11.336344800576946
0.74,0.16,0.1,11.479642018041188
0.74,0.18,0.08,11.811223413231875
0.74,0.2,0.06,12.293090065357086
0.74,0.22,0.04,12.87546623371364
0.74,0.24,0.02,13.567113234896617
0.74,0.26,0.0,14.426273930671497
0.76,0.0,0.24,15.662419631708078
0.76,0.02,0.22,14.869202514396376
0.76,0.04,0.2,14.30138421908636
0.76,0.06,0.18,13.827813210120057
0.76,0.08,0.16,13.448634718084922
0.76,0.1,0.14,13.17508497030393
0.76,0.12,0.12,13.026544564685842
0.76,0.14,0.1,13.03126436898997
0.76,0.16,0.08,13.210792230721935
0.76,0.18,0.06,13.557318596745448
0.76,0.2,0.04,14.042521435310919
0.76,0.22,0.02,14.65069443529083
0.76,0.24,0.0,15.363633108226013
0.78,0.0,0.22,16.730055069674197
0.78,0.02,0.2,16.05992158716224
0.78,0.04,0.18,15.574748273856777
0.78,0.06,0.16,15.16881647196356
0.78,0.08,0.14,14.842018852637306
0.78,0.1,0.12,14.609302947743755
0.78,0.12,0.1,14.497608193626975
0.78,0.14,0.08,14.53721817407778
0.78,0.16,0.06,14.742721656485774
0.78,0.18,0.04,15.10546023389585
0.78,0.2,0.02,15.59483991716977
0.78,0.22,0.0,16.124575175257373
0.8,0.0,0.2,17.56323233417688
0.8,0.02,0.18,17.020864731918877
0.8,0.04,0.16,16.612419054958536
0.8,0.06,0.14,16.26149278845691
0.8,0.08,0.12,15.973364875978058
0.8,0.1,0.1,15.771136619741634
0.8,0.12,0.08,15.68868835058227
0.8,0.14,0.06,15.755911703604523
0.8,0.16,0.04,15.981503053212949
0.8,0.18,0.02,16.328150898087337
0.8,0.2,0.0,16.64494270303968
0.82,0.0,0.18,18.101006728159238
0.82,0.02,0.16,17.670453774166955
0.82,0.04,0.14,17.317454999368174
0.82,0.06,0.12,16.998551719224682
0.82,0.08,0.1,16.729267921212482
0.82,0.1,0.08,16.543205051387513
0.82,0.12,0.06,16.480345235888723
0.82,0.14,0.04,16.565156936072437
0.82,0.16,0.02,16.759599197886722
0.82,0.18,0.0,16.842322782483212
0.84,0.0,0.16,18.262218096564002
0.84,0.02,0.14,17.900941835306696
0.84,0.04,0.12,17.561323689870402
0.84,0.06,0.1,17.23627204639739
0.84,0.08,0.08,16.957098493048083
0.84,0.1,0.06,16.771924384647015
0.84,0.12,0.04,16.721874494028427
0.84,0.14,0.02,16.771718226422642
0.84,0.16,0.0,16.609012249720365
0.86,0.0,0.14,17.92162076824375
0.86,0.02,0.12,17.547734488064627
0.86,0.04,0.1,17.14944596897264
0.86,0.06,0.08,16.7640628713517
0.86,0.08,0.06,16.451998513644764
0.86,0.1,0.04,16.277665715499566
0.86,0.12,0.02,16.2104691909938
0.86,0.14,0.0,15.803316395611672
0.88,0.0,0.12,16.881649081831
0.88,0.02,0.1,16.350082174924683
0.88,0.04,0.08,15.787777729420696
0.88,0.06,0.06,15.303492598488635
0.88,0.08,0.04,15.006078221773103
0.88,0.1,0.02,14.873486258924151
0.88,0.12,0.0,14.242626414893474
0.9,0.0,0.1,14.867556411350693
0.9,0.02,0.08,13.931586842781238
0.9,0.04,0.06,13.103274518345716
0.9,0.06,0.04,12.623811503393162
0.9,0.08,0.02,12.504759404249937
0.9,0.1,0.0,11.70824414452077
0.92,0.0,0.08,11.635042045992266
0.92,0.02,0.06,9.871260323582895
0.92,0.04,0.04,8.84730428660565
0.92,0.06,0.02,8.81930842938627
0.92,0.08,0.0,7.986359458123734
0.94,0.0,0.06,7.586622135252962
0.94,0.02,0.04,4.0500896081675295
0.94,0.04,0.02,3.6522201215038934
0.94,0.06,0.0,3.025377032436148
0.96,0.0,0.04,6.616244660901117
0.96,0.02,0.02,3.4943932024685385
0.96,0.04,0.0,3.143829451850376
0.98,0.0,0.02,10.685290645507447
0.98,0.02,0.0,8.275245088208054
1.0,0.0,0.0,0.7819135379174912
